attendance_id, emp_id,emp_name,date,clock_in,clock_out,is_leave
1,Carolyn Carson,2024-06-05,07:27:54,22:45:29,0
2,Eric Baney,2024-06-05,00:00:00,00:00:00,1
3,Vanda Tabor,2024-06-05,08:33:26,17:04:28,0
4,Homer Smith,2024-06-05,09:38:43,11:49:15,0
5,Jody Hansell,2024-06-05,07:29:53,23:40:37,0
6,Jacqueline Cole,2024-06-05,06:17:06,16:23:04,0
7,Garnet Ireland,2024-06-05,09:04:51,17:00:42,0
8,Douglas Vara,2024-06-05,09:36:33,16:28:56,0
9,Robert Hogg,2024-06-05,06:48:16,16:05:20,0
10,Robert Thomas,2024-06-05,09:51:20,16:41:22,0
11,Lynda Stevens,2024-06-05,09:14:17,11:50:17,0
12,Sarah Woody,2024-06-05,08:14:55,23:50:16,0
13,Jane Balderrama,2024-06-05,10:08:48,00:34:35,0
14,April Robinson,2024-06-05,07:19:11,12:07:57,0
15,Ryan Barajas,2024-06-05,09:02:32,22:09:10,0
16,Wendy Davis,2024-06-05,00:00:00,00:00:00,1
17,Jeffrey Nemith,2024-06-05,07:09:04,19:32:04,0
18,Kimberly Couey,2024-06-05,08:39:54,16:50:23,0
19,Dennis Sykes,2024-06-05,09:20:25,11:44:04,0
20,Felix Nichols,2024-06-05,09:27:39,22:38:32,0
21,Michael Robinson,2024-06-05,05:21:28,17:12:55,0
22,Steven Henderson,2024-06-05,09:15:09,19:11:32,0
23,Brandon Wright,2024-06-05,08:17:03,16:45:21,0
24,Charles Diep,2024-06-05,10:28:06,20:33:43,0
25,Rana Ash,2024-06-05,07:47:30,11:37:49,0
26,Maudie Green,2024-06-05,07:17:33,16:02:38,0
27,Annie Tanner,2024-06-05,09:01:42,16:13:26,0
28,Mark Maldonado,2024-06-05,10:42:09,22:48:51,0
29,Rowena Briseno,2024-06-05,06:54:22,16:32:28,0
30,Paul Smith,2024-06-05,06:45:41,17:32:33,0
31,Rufus Witt,2024-06-05,08:56:51,13:19:11,0
32,Rogelio Wright,2024-06-05,06:30:50,17:47:15,0
33,Willie Johnson,2024-06-05,08:32:58,18:24:39,0
34,Matthew Lopez,2024-06-05,09:40:46,20:33:19,0
35,John Johnson,2024-06-05,08:38:31,16:15:20,0
36,Rhonda Doyle,2024-06-05,08:34:29,00:47:36,0
37,Essie Frazier,2024-06-05,06:25:21,12:43:33,0
38,Mildred Spotts,2024-06-05,05:58:04,16:10:12,0
39,Diane Hernandez,2024-06-05,00:00:00,00:00:00,1
40,John Clinch,2024-06-05,08:05:32,12:42:36,0
41,Henry Pruett,2024-06-05,07:05:29,20:28:36,0
42,Shawn Peltier,2024-06-05,10:40:41,11:08:32,0
43,Antonio Richard,2024-06-05,09:49:48,11:45:48,0
44,Irma Torres,2024-06-05,09:45:04,18:00:20,0
45,Wm Burkette,2024-06-05,10:15:35,21:10:46,0
46,Terri Ginsberg,2024-06-05,06:24:07,23:04:30,0
47,Edward Reph,2024-06-05,07:31:47,18:36:31,0
48,Susan Anyan,2024-06-05,08:49:32,00:39:14,0
49,Elizabeth Beier,2024-06-05,09:40:26,13:10:38,0
50,Constance Zerbe,2024-06-05,08:50:57,18:13:30,0
51,Judith Rockman,2024-06-05,08:42:10,16:18:31,0
52,Joshua Springer,2024-06-05,05:58:26,17:43:18,0
53,Donald Romero,2024-06-05,06:49:07,00:48:01,0
54,Wayne Pierre,2024-06-05,09:45:09,19:00:43,0
55,Juan Sweat,2024-06-05,09:07:45,18:29:54,0
56,Laverne Fleming,2024-06-05,10:32:17,23:33:06,0
57,Judith Hammons,2024-06-05,08:41:39,16:35:37,0
58,Richard True,2024-06-05,06:56:52,17:01:36,0
59,Melissa Hettinger,2024-06-05,08:41:54,17:02:46,0
60,Joseph Anderson,2024-06-05,07:27:32,19:46:28,0
61,Andrew Hernandez,2024-06-05,09:38:13,17:35:37,0
62,Rachelle Berrian,2024-06-05,09:27:12,18:04:39,0
63,Craig Herrera,2024-06-05,10:25:36,23:48:13,0
64,Dana Saylor,2024-06-05,06:52:29,16:15:01,0
65,Jennifer Rowland,2024-06-05,09:35:00,18:07:21,0
66,John Boyd,2024-06-05,06:34:03,18:50:37,0
67,Amy Riblett,2024-06-05,07:34:54,17:37:22,0
68,Melody Farmer,2024-06-05,05:27:21,19:43:37,0
69,Adam Rodriguez,2024-06-05,09:26:15,21:36:50,0
70,Scott Brumfield,2024-06-05,08:32:28,18:42:19,0
71,Margaret Urena,2024-06-05,06:16:41,18:36:10,0
72,Lewis Garcia,2024-06-05,08:04:40,18:12:29,0
73,Robert Stinson,2024-06-05,00:00:00,00:00:00,1
74,Christopher Rowland,2024-06-05,07:13:06,22:01:07,0
75,Thomas Pritchard,2024-06-05,00:00:00,00:00:00,1
76,Kirk Stephenson,2024-06-05,08:32:44,16:10:34,0
77,Ola Meehan,2024-06-05,07:14:35,13:44:19,0
78,Ty Vanhoutte,2024-06-05,09:19:53,18:35:24,0
79,Edna Coker,2024-06-05,10:30:05,11:21:37,0
80,Bob Pope,2024-06-05,10:09:58,18:38:00,0
81,Mildred Smith,2024-06-05,09:40:26,17:05:03,0
82,Joseph Danielson,2024-06-05,07:18:31,20:46:30,0
83,Brian Urban,2024-06-05,07:46:29,22:21:57,0
84,James Doyle,2024-06-05,07:58:44,18:47:29,0
85,Christopher Vowell,2024-06-05,08:19:42,17:35:51,0
86,Kimberly Saylor,2024-06-05,05:52:48,11:20:30,0
87,Joseph Fritzler,2024-06-05,07:16:06,11:03:25,0
88,David Rice,2024-06-05,10:48:00,16:41:22,0
89,Cynthia Leal,2024-06-05,09:39:57,00:15:11,0
90,Gary Lundy,2024-06-05,07:56:33,18:29:47,0
91,Bobby Mcconkey,2024-06-05,06:47:54,16:34:28,0
92,Noble Pfaff,2024-06-05,07:12:44,18:29:17,0
93,Francis Womac,2024-06-05,08:39:55,17:19:13,0
94,Michael Emmick,2024-06-05,08:37:04,23:35:31,0
95,Natasha Mcclure,2024-06-05,06:14:55,18:10:25,0
96,Kenneth Jameson,2024-06-05,09:26:56,16:18:43,0
97,Lester Vercher,2024-06-05,06:34:53,17:28:29,0
98,Alton Pugsley,2024-06-05,00:00:00,00:00:00,1
99,Alan Langley,2024-06-05,05:51:35,18:33:52,0
100,James Black,2024-06-05,07:09:30,00:20:27,0
101,Carolyn Carson,2024-06-06,10:40:22,11:46:04,0
102,Eric Baney,2024-06-06,07:49:34,18:17:51,0
103,Vanda Tabor,2024-06-06,09:55:56,22:42:37,0
104,Homer Smith,2024-06-06,10:33:37,18:24:12,0
105,Jody Hansell,2024-06-06,05:40:45,19:00:21,0
106,Jacqueline Cole,2024-06-06,09:27:04,22:04:32,0
107,Garnet Ireland,2024-06-06,06:26:56,18:42:22,0
108,Douglas Vara,2024-06-06,08:50:38,12:12:19,0
109,Robert Hogg,2024-06-06,06:17:59,16:15:54,0
110,Robert Thomas,2024-06-06,07:17:50,18:19:23,0
111,Lynda Stevens,2024-06-06,06:21:54,13:44:38,0
112,Sarah Woody,2024-06-06,09:39:19,22:27:39,0
113,Jane Balderrama,2024-06-06,07:43:07,12:34:54,0
114,April Robinson,2024-06-06,08:20:08,20:18:09,0
115,Ryan Barajas,2024-06-06,07:41:32,18:26:18,0
116,Wendy Davis,2024-06-06,06:43:25,22:00:04,0
117,Jeffrey Nemith,2024-06-06,08:17:46,17:47:01,0
118,Kimberly Couey,2024-06-06,08:30:25,17:30:21,0
119,Dennis Sykes,2024-06-06,00:00:00,00:00:00,1
120,Felix Nichols,2024-06-06,00:00:00,00:00:00,1
121,Michael Robinson,2024-06-06,05:57:25,11:47:06,0
122,Steven Henderson,2024-06-06,06:21:37,16:12:05,0
123,Brandon Wright,2024-06-06,09:34:34,20:00:22,0
124,Charles Diep,2024-06-06,08:51:14,16:02:55,0
125,Rana Ash,2024-06-06,06:10:57,20:40:28,0
126,Maudie Green,2024-06-06,05:49:06,13:32:52,0
127,Annie Tanner,2024-06-06,07:11:14,16:05:34,0
128,Mark Maldonado,2024-06-06,06:21:47,23:43:17,0
129,Rowena Briseno,2024-06-06,06:20:38,20:41:09,0
130,Paul Smith,2024-06-06,10:16:34,17:41:49,0
131,Rufus Witt,2024-06-06,08:31:45,18:50:50,0
132,Rogelio Wright,2024-06-06,08:10:17,18:25:39,0
133,Willie Johnson,2024-06-06,06:15:06,11:02:10,0
134,Matthew Lopez,2024-06-06,08:37:32,17:35:23,0
135,John Johnson,2024-06-06,08:21:47,16:40:13,0
136,Rhonda Doyle,2024-06-06,00:00:00,00:00:00,1
137,Essie Frazier,2024-06-06,05:36:17,17:33:40,0
138,Mildred Spotts,2024-06-06,07:28:35,18:22:11,0
139,Diane Hernandez,2024-06-06,07:15:36,17:16:34,0
140,John Clinch,2024-06-06,09:32:09,18:44:48,0
141,Henry Pruett,2024-06-06,07:31:42,21:28:15,0
142,Shawn Peltier,2024-06-06,10:30:10,17:08:56,0
143,Antonio Richard,2024-06-06,09:27:28,18:31:27,0
144,Irma Torres,2024-06-06,09:13:09,00:30:07,0
145,Wm Burkette,2024-06-06,07:43:16,17:18:46,0
146,Terri Ginsberg,2024-06-06,05:15:23,13:40:51,0
147,Edward Reph,2024-06-06,00:00:00,00:00:00,1
148,Susan Anyan,2024-06-06,07:01:33,16:03:56,0
149,Elizabeth Beier,2024-06-06,09:34:35,12:29:53,0
150,Constance Zerbe,2024-06-06,06:52:46,19:33:30,0
151,Judith Rockman,2024-06-06,08:28:57,12:22:22,0
152,Joshua Springer,2024-06-06,06:46:02,17:39:57,0
153,Donald Romero,2024-06-06,05:25:53,18:06:33,0
154,Wayne Pierre,2024-06-06,06:31:50,18:22:22,0
155,Juan Sweat,2024-06-06,00:00:00,00:00:00,1
156,Laverne Fleming,2024-06-06,07:23:04,17:39:26,0
157,Judith Hammons,2024-06-06,09:37:12,17:39:51,0
158,Richard True,2024-06-06,09:49:34,16:24:14,0
159,Melissa Hettinger,2024-06-06,09:40:28,11:43:26,0
160,Joseph Anderson,2024-06-06,08:13:16,21:10:09,0
161,Andrew Hernandez,2024-06-06,06:37:05,12:35:15,0
162,Rachelle Berrian,2024-06-06,10:40:03,18:07:45,0
163,Craig Herrera,2024-06-06,09:20:25,18:44:37,0
164,Dana Saylor,2024-06-06,06:04:23,17:11:39,0
165,Jennifer Rowland,2024-06-06,09:45:35,18:43:12,0
166,John Boyd,2024-06-06,05:51:12,18:05:57,0
167,Amy Riblett,2024-06-06,07:56:49,12:44:33,0
168,Melody Farmer,2024-06-06,09:03:23,18:16:37,0
169,Adam Rodriguez,2024-06-06,08:30:48,13:48:49,0
170,Scott Brumfield,2024-06-06,10:43:03,19:24:48,0
171,Margaret Urena,2024-06-06,06:31:41,11:38:30,0
172,Lewis Garcia,2024-06-06,06:29:46,17:36:04,0
173,Robert Stinson,2024-06-06,08:45:07,17:46:44,0
174,Christopher Rowland,2024-06-06,10:00:17,18:30:05,0
175,Thomas Pritchard,2024-06-06,00:00:00,00:00:00,1
176,Kirk Stephenson,2024-06-06,05:38:46,18:07:54,0
177,Ola Meehan,2024-06-06,06:39:47,11:13:21,0
178,Ty Vanhoutte,2024-06-06,00:00:00,00:00:00,1
179,Edna Coker,2024-06-06,08:07:49,18:30:26,0
180,Bob Pope,2024-06-06,06:27:19,16:08:46,0
181,Mildred Smith,2024-06-06,05:27:17,18:36:48,0
182,Joseph Danielson,2024-06-06,09:12:04,18:22:11,0
183,Brian Urban,2024-06-06,00:00:00,00:00:00,1
184,James Doyle,2024-06-06,06:00:10,16:08:29,0
185,Christopher Vowell,2024-06-06,07:27:53,19:12:00,0
186,Kimberly Saylor,2024-06-06,06:39:18,16:35:06,0
187,Joseph Fritzler,2024-06-06,07:27:08,18:36:19,0
188,David Rice,2024-06-06,07:03:07,21:30:55,0
189,Cynthia Leal,2024-06-06,06:47:05,20:04:14,0
190,Gary Lundy,2024-06-06,00:00:00,00:00:00,1
191,Bobby Mcconkey,2024-06-06,06:18:25,22:11:32,0
192,Noble Pfaff,2024-06-06,09:14:50,23:35:00,0
193,Francis Womac,2024-06-06,09:37:33,16:30:47,0
194,Michael Emmick,2024-06-06,07:49:06,11:40:02,0
195,Natasha Mcclure,2024-06-06,08:41:08,17:10:17,0
196,Kenneth Jameson,2024-06-06,06:27:36,16:28:35,0
197,Lester Vercher,2024-06-06,05:50:05,18:42:24,0
198,Alton Pugsley,2024-06-06,07:21:58,17:01:40,0
199,Alan Langley,2024-06-06,09:25:31,16:02:05,0
200,James Black,2024-06-06,07:42:28,17:35:47,0
201,Carolyn Carson,2024-06-07,00:00:00,00:00:00,1
202,Eric Baney,2024-06-07,00:00:00,00:00:00,1
203,Vanda Tabor,2024-06-07,06:38:36,12:01:27,0
204,Homer Smith,2024-06-07,09:12:50,17:04:05,0
205,Jody Hansell,2024-06-07,09:05:33,12:35:23,0
206,Jacqueline Cole,2024-06-07,08:46:40,17:06:56,0
207,Garnet Ireland,2024-06-07,07:09:07,13:34:13,0
208,Douglas Vara,2024-06-07,06:19:18,17:25:55,0
209,Robert Hogg,2024-06-07,08:18:33,18:16:49,0
210,Robert Thomas,2024-06-07,09:23:18,16:27:11,0
211,Lynda Stevens,2024-06-07,08:34:08,13:27:28,0
212,Sarah Woody,2024-06-07,09:18:51,16:24:48,0
213,Jane Balderrama,2024-06-07,08:44:24,23:40:19,0
214,April Robinson,2024-06-07,08:20:48,18:11:28,0
215,Ryan Barajas,2024-06-07,07:02:26,16:41:51,0
216,Wendy Davis,2024-06-07,07:20:22,17:39:03,0
217,Jeffrey Nemith,2024-06-07,00:00:00,00:00:00,1
218,Kimberly Couey,2024-06-07,07:55:58,18:34:05,0
219,Dennis Sykes,2024-06-07,07:32:04,19:37:30,0
220,Felix Nichols,2024-06-07,06:34:11,16:10:45,0
221,Michael Robinson,2024-06-07,09:23:25,17:14:14,0
222,Steven Henderson,2024-06-07,06:21:30,18:00:41,0
223,Brandon Wright,2024-06-07,06:19:17,16:43:43,0
224,Charles Diep,2024-06-07,07:07:16,19:28:21,0
225,Rana Ash,2024-06-07,00:00:00,00:00:00,1
226,Maudie Green,2024-06-07,09:08:08,13:49:21,0
227,Annie Tanner,2024-06-07,00:00:00,00:00:00,1
228,Mark Maldonado,2024-06-07,06:14:43,17:34:19,0
229,Rowena Briseno,2024-06-07,07:06:19,13:36:26,0
230,Paul Smith,2024-06-07,09:03:19,22:10:00,0
231,Rufus Witt,2024-06-07,00:00:00,00:00:00,1
232,Rogelio Wright,2024-06-07,08:48:23,16:21:36,0
233,Willie Johnson,2024-06-07,08:18:34,16:27:17,0
234,Matthew Lopez,2024-06-07,06:44:38,20:26:09,0
235,John Johnson,2024-06-07,00:00:00,00:00:00,1
236,Rhonda Doyle,2024-06-07,10:40:43,18:02:43,0
237,Essie Frazier,2024-06-07,09:44:47,16:27:52,0
238,Mildred Spotts,2024-06-07,06:37:05,17:16:53,0
239,Diane Hernandez,2024-06-07,08:36:55,18:06:42,0
240,John Clinch,2024-06-07,07:12:30,21:25:44,0
241,Henry Pruett,2024-06-07,07:30:15,18:46:54,0
242,Shawn Peltier,2024-06-07,09:50:36,17:14:46,0
243,Antonio Richard,2024-06-07,08:54:11,17:21:40,0
244,Irma Torres,2024-06-07,08:47:24,21:01:57,0
245,Wm Burkette,2024-06-07,00:00:00,00:00:00,1
246,Terri Ginsberg,2024-06-07,09:54:03,17:20:12,0
247,Edward Reph,2024-06-07,09:42:00,18:47:56,0
248,Susan Anyan,2024-06-07,06:32:21,18:36:41,0
249,Elizabeth Beier,2024-06-07,08:13:39,23:46:30,0
250,Constance Zerbe,2024-06-07,06:01:17,17:18:10,0
251,Judith Rockman,2024-06-07,06:06:19,12:26:17,0
252,Joshua Springer,2024-06-07,07:52:40,18:12:21,0
253,Donald Romero,2024-06-07,05:40:53,17:17:48,0
254,Wayne Pierre,2024-06-07,05:18:47,17:50:23,0
255,Juan Sweat,2024-06-07,09:40:45,18:46:41,0
256,Laverne Fleming,2024-06-07,08:18:23,18:14:30,0
257,Judith Hammons,2024-06-07,07:36:26,11:03:31,0
258,Richard True,2024-06-07,08:58:18,18:28:46,0
259,Melissa Hettinger,2024-06-07,07:38:41,16:28:49,0
260,Joseph Anderson,2024-06-07,08:34:41,18:15:43,0
261,Andrew Hernandez,2024-06-07,08:26:09,18:44:02,0
262,Rachelle Berrian,2024-06-07,07:37:17,18:50:49,0
263,Craig Herrera,2024-06-07,07:27:21,18:50:31,0
264,Dana Saylor,2024-06-07,06:21:40,20:38:03,0
265,Jennifer Rowland,2024-06-07,10:06:13,18:22:28,0
266,John Boyd,2024-06-07,08:13:31,11:21:28,0
267,Amy Riblett,2024-06-07,08:51:31,18:03:49,0
268,Melody Farmer,2024-06-07,05:59:09,16:39:40,0
269,Adam Rodriguez,2024-06-07,10:00:56,17:18:13,0
270,Scott Brumfield,2024-06-07,08:04:44,18:02:03,0
271,Margaret Urena,2024-06-07,08:03:05,17:24:28,0
272,Lewis Garcia,2024-06-07,07:22:14,18:33:26,0
273,Robert Stinson,2024-06-07,09:00:47,16:25:23,0
274,Christopher Rowland,2024-06-07,10:04:26,17:28:13,0
275,Thomas Pritchard,2024-06-07,07:04:31,18:07:41,0
276,Kirk Stephenson,2024-06-07,09:31:27,22:12:19,0
277,Ola Meehan,2024-06-07,08:46:57,12:29:26,0
278,Ty Vanhoutte,2024-06-07,07:31:28,17:14:39,0
279,Edna Coker,2024-06-07,08:26:40,16:36:02,0
280,Bob Pope,2024-06-07,09:57:45,18:07:29,0
281,Mildred Smith,2024-06-07,07:29:53,18:25:26,0
282,Joseph Danielson,2024-06-07,06:55:18,17:15:30,0
283,Brian Urban,2024-06-07,08:59:08,18:22:02,0
284,James Doyle,2024-06-07,09:10:38,17:08:09,0
285,Christopher Vowell,2024-06-07,00:00:00,00:00:00,1
286,Kimberly Saylor,2024-06-07,06:36:53,20:22:19,0
287,Joseph Fritzler,2024-06-07,09:07:54,18:35:31,0
288,David Rice,2024-06-07,08:19:40,00:38:05,0
289,Cynthia Leal,2024-06-07,06:42:13,23:22:30,0
290,Gary Lundy,2024-06-07,07:12:22,20:23:39,0
291,Bobby Mcconkey,2024-06-07,06:55:25,12:45:28,0
292,Noble Pfaff,2024-06-07,06:34:21,20:48:00,0
293,Francis Womac,2024-06-07,07:43:53,11:00:12,0
294,Michael Emmick,2024-06-07,10:44:48,00:22:26,0
295,Natasha Mcclure,2024-06-07,07:40:11,16:34:45,0
296,Kenneth Jameson,2024-06-07,07:48:50,17:32:32,0
297,Lester Vercher,2024-06-07,06:11:59,11:23:24,0
298,Alton Pugsley,2024-06-07,00:00:00,00:00:00,1
299,Alan Langley,2024-06-07,00:00:00,00:00:00,1
300,James Black,2024-06-07,07:45:12,18:28:32,0
301,Carolyn Carson,2024-06-08,08:19:36,17:02:44,0
302,Eric Baney,2024-06-08,05:57:19,16:48:50,0
303,Vanda Tabor,2024-06-08,09:20:17,12:11:26,0
304,Homer Smith,2024-06-08,05:13:30,11:24:54,0
305,Jody Hansell,2024-06-08,05:23:04,13:30:05,0
306,Jacqueline Cole,2024-06-08,09:28:20,18:38:45,0
307,Garnet Ireland,2024-06-08,05:15:37,16:37:32,0
308,Douglas Vara,2024-06-08,08:13:27,16:14:03,0
309,Robert Hogg,2024-06-08,08:46:46,11:13:06,0
310,Robert Thomas,2024-06-08,09:11:40,16:08:08,0
311,Lynda Stevens,2024-06-08,10:47:56,23:41:42,0
312,Sarah Woody,2024-06-08,09:21:17,18:28:25,0
313,Jane Balderrama,2024-06-08,10:32:23,16:17:20,0
314,April Robinson,2024-06-08,09:38:15,21:04:36,0
315,Ryan Barajas,2024-06-08,09:20:38,17:27:42,0
316,Wendy Davis,2024-06-08,08:18:38,18:23:44,0
317,Jeffrey Nemith,2024-06-08,00:00:00,00:00:00,1
318,Kimberly Couey,2024-06-08,07:33:51,16:30:49,0
319,Dennis Sykes,2024-06-08,05:30:06,22:30:31,0
320,Felix Nichols,2024-06-08,07:02:22,22:08:13,0
321,Michael Robinson,2024-06-08,06:37:14,17:50:53,0
322,Steven Henderson,2024-06-08,07:57:34,17:36:11,0
323,Brandon Wright,2024-06-08,05:21:53,11:08:17,0
324,Charles Diep,2024-06-08,08:23:27,17:05:29,0
325,Rana Ash,2024-06-08,07:38:41,17:04:01,0
326,Maudie Green,2024-06-08,05:30:22,21:38:21,0
327,Annie Tanner,2024-06-08,06:24:41,16:46:46,0
328,Mark Maldonado,2024-06-08,10:38:55,13:23:50,0
329,Rowena Briseno,2024-06-08,07:14:59,21:16:36,0
330,Paul Smith,2024-06-08,09:20:27,16:29:47,0
331,Rufus Witt,2024-06-08,07:13:27,18:35:45,0
332,Rogelio Wright,2024-06-08,06:18:09,12:12:11,0
333,Willie Johnson,2024-06-08,07:13:53,17:06:26,0
334,Matthew Lopez,2024-06-08,09:00:54,22:13:26,0
335,John Johnson,2024-06-08,06:45:45,16:50:44,0
336,Rhonda Doyle,2024-06-08,09:59:42,13:14:43,0
337,Essie Frazier,2024-06-08,08:14:30,12:28:22,0
338,Mildred Spotts,2024-06-08,05:43:24,16:06:06,0
339,Diane Hernandez,2024-06-08,09:29:09,18:06:51,0
340,John Clinch,2024-06-08,07:39:56,21:34:57,0
341,Henry Pruett,2024-06-08,00:00:00,00:00:00,1
342,Shawn Peltier,2024-06-08,09:48:47,17:23:22,0
343,Antonio Richard,2024-06-08,09:34:47,18:34:34,0
344,Irma Torres,2024-06-08,08:43:11,21:13:26,0
345,Wm Burkette,2024-06-08,08:27:36,23:38:52,0
346,Terri Ginsberg,2024-06-08,06:09:54,21:39:30,0
347,Edward Reph,2024-06-08,08:10:12,17:43:44,0
348,Susan Anyan,2024-06-08,06:12:11,16:40:53,0
349,Elizabeth Beier,2024-06-08,09:31:36,16:05:28,0
350,Constance Zerbe,2024-06-08,05:10:47,17:46:36,0
351,Judith Rockman,2024-06-08,09:39:33,18:10:20,0
352,Joshua Springer,2024-06-08,09:39:08,12:13:41,0
353,Donald Romero,2024-06-08,06:34:04,17:43:09,0
354,Wayne Pierre,2024-06-08,08:22:10,16:02:12,0
355,Juan Sweat,2024-06-08,10:25:15,21:13:24,0
356,Laverne Fleming,2024-06-08,07:18:49,17:13:11,0
357,Judith Hammons,2024-06-08,06:31:03,17:46:33,0
358,Richard True,2024-06-08,10:48:20,18:18:35,0
359,Melissa Hettinger,2024-06-08,09:41:26,23:23:45,0
360,Joseph Anderson,2024-06-08,00:00:00,00:00:00,1
361,Andrew Hernandez,2024-06-08,08:23:30,13:24:50,0
362,Rachelle Berrian,2024-06-08,07:45:05,16:29:11,0
363,Craig Herrera,2024-06-08,00:00:00,00:00:00,1
364,Dana Saylor,2024-06-08,09:46:49,12:37:24,0
365,Jennifer Rowland,2024-06-08,08:44:23,11:24:45,0
366,John Boyd,2024-06-08,07:14:56,16:45:56,0
367,Amy Riblett,2024-06-08,08:57:27,16:47:50,0
368,Melody Farmer,2024-06-08,00:00:00,00:00:00,1
369,Adam Rodriguez,2024-06-08,07:44:06,18:26:51,0
370,Scott Brumfield,2024-06-08,07:37:24,11:32:30,0
371,Margaret Urena,2024-06-08,05:58:28,23:25:23,0
372,Lewis Garcia,2024-06-08,08:18:16,16:21:48,0
373,Robert Stinson,2024-06-08,07:15:09,13:43:17,0
374,Christopher Rowland,2024-06-08,06:29:02,21:21:19,0
375,Thomas Pritchard,2024-06-08,08:12:13,16:16:06,0
376,Kirk Stephenson,2024-06-08,09:58:35,19:22:37,0
377,Ola Meehan,2024-06-08,08:41:10,18:08:42,0
378,Ty Vanhoutte,2024-06-08,05:16:24,16:43:55,0
379,Edna Coker,2024-06-08,08:09:30,13:00:31,0
380,Bob Pope,2024-06-08,08:46:48,11:39:17,0
381,Mildred Smith,2024-06-08,00:00:00,00:00:00,1
382,Joseph Danielson,2024-06-08,00:00:00,00:00:00,1
383,Brian Urban,2024-06-08,05:38:08,12:11:26,0
384,James Doyle,2024-06-08,07:16:18,23:02:42,0
385,Christopher Vowell,2024-06-08,05:34:26,17:33:18,0
386,Kimberly Saylor,2024-06-08,06:18:48,17:50:03,0
387,Joseph Fritzler,2024-06-08,05:09:19,16:35:12,0
388,David Rice,2024-06-08,06:22:29,21:48:09,0
389,Cynthia Leal,2024-06-08,00:00:00,00:00:00,1
390,Gary Lundy,2024-06-08,07:33:50,18:24:12,0
391,Bobby Mcconkey,2024-06-08,09:49:36,19:50:23,0
392,Noble Pfaff,2024-06-08,08:55:16,16:30:55,0
393,Francis Womac,2024-06-08,00:00:00,00:00:00,1
394,Michael Emmick,2024-06-08,10:23:35,19:41:56,0
395,Natasha Mcclure,2024-06-08,07:29:03,18:01:45,0
396,Kenneth Jameson,2024-06-08,00:00:00,00:00:00,1
397,Lester Vercher,2024-06-08,06:27:12,16:36:56,0
398,Alton Pugsley,2024-06-08,07:20:11,18:41:12,0
399,Alan Langley,2024-06-08,09:20:34,20:02:28,0
400,James Black,2024-06-08,09:29:55,16:30:33,0
401,Carolyn Carson,2024-06-09,07:09:40,17:22:54,0
402,Eric Baney,2024-06-09,09:16:15,16:24:52,0
403,Vanda Tabor,2024-06-09,07:05:06,12:36:35,0
404,Homer Smith,2024-06-09,06:18:41,20:07:49,0
405,Jody Hansell,2024-06-09,05:11:38,16:22:10,0
406,Jacqueline Cole,2024-06-09,10:13:31,12:04:12,0
407,Garnet Ireland,2024-06-09,09:10:46,18:10:33,0
408,Douglas Vara,2024-06-09,07:42:16,22:04:50,0
409,Robert Hogg,2024-06-09,06:15:47,18:49:26,0
410,Robert Thomas,2024-06-09,09:39:39,00:26:55,0
411,Lynda Stevens,2024-06-09,07:49:19,18:26:43,0
412,Sarah Woody,2024-06-09,07:48:33,16:50:51,0
413,Jane Balderrama,2024-06-09,10:14:59,12:18:10,0
414,April Robinson,2024-06-09,00:00:00,00:00:00,1
415,Ryan Barajas,2024-06-09,05:33:49,18:48:45,0
416,Wendy Davis,2024-06-09,10:16:04,18:08:27,0
417,Jeffrey Nemith,2024-06-09,05:20:20,13:37:10,0
418,Kimberly Couey,2024-06-09,07:27:30,23:30:29,0
419,Dennis Sykes,2024-06-09,07:22:14,19:35:48,0
420,Felix Nichols,2024-06-09,05:20:33,17:21:51,0
421,Michael Robinson,2024-06-09,07:25:04,13:47:46,0
422,Steven Henderson,2024-06-09,00:00:00,00:00:00,1
423,Brandon Wright,2024-06-09,08:08:40,12:00:29,0
424,Charles Diep,2024-06-09,06:25:51,21:16:31,0
425,Rana Ash,2024-06-09,07:18:45,19:33:05,0
426,Maudie Green,2024-06-09,08:09:06,17:10:00,0
427,Annie Tanner,2024-06-09,08:25:52,16:42:22,0
428,Mark Maldonado,2024-06-09,09:47:17,23:40:04,0
429,Rowena Briseno,2024-06-09,07:15:31,22:24:01,0
430,Paul Smith,2024-06-09,09:12:37,21:32:26,0
431,Rufus Witt,2024-06-09,10:35:33,00:47:43,0
432,Rogelio Wright,2024-06-09,06:48:54,17:07:21,0
433,Willie Johnson,2024-06-09,05:17:03,16:08:55,0
434,Matthew Lopez,2024-06-09,10:30:28,12:27:54,0
435,John Johnson,2024-06-09,05:22:36,17:05:48,0
436,Rhonda Doyle,2024-06-09,08:02:04,17:26:53,0
437,Essie Frazier,2024-06-09,08:17:48,00:25:41,0
438,Mildred Spotts,2024-06-09,08:24:07,17:33:16,0
439,Diane Hernandez,2024-06-09,08:10:03,18:21:50,0
440,John Clinch,2024-06-09,05:55:27,13:12:00,0
441,Henry Pruett,2024-06-09,06:38:51,16:42:10,0
442,Shawn Peltier,2024-06-09,08:00:27,18:29:33,0
443,Antonio Richard,2024-06-09,00:00:00,00:00:00,1
444,Irma Torres,2024-06-09,10:20:52,11:43:35,0
445,Wm Burkette,2024-06-09,07:02:09,18:29:23,0
446,Terri Ginsberg,2024-06-09,09:17:33,18:47:07,0
447,Edward Reph,2024-06-09,07:43:10,17:44:33,0
448,Susan Anyan,2024-06-09,06:02:37,16:11:07,0
449,Elizabeth Beier,2024-06-09,10:10:28,16:24:30,0
450,Constance Zerbe,2024-06-09,08:34:15,20:36:57,0
451,Judith Rockman,2024-06-09,05:23:42,13:48:52,0
452,Joshua Springer,2024-06-09,07:11:13,16:10:47,0
453,Donald Romero,2024-06-09,09:19:25,17:25:50,0
454,Wayne Pierre,2024-06-09,06:33:54,17:36:38,0
455,Juan Sweat,2024-06-09,09:58:34,11:06:02,0
456,Laverne Fleming,2024-06-09,05:32:38,17:45:05,0
457,Judith Hammons,2024-06-09,06:49:52,00:25:37,0
458,Richard True,2024-06-09,06:49:44,19:42:29,0
459,Melissa Hettinger,2024-06-09,08:22:27,12:36:31,0
460,Joseph Anderson,2024-06-09,06:27:45,19:44:08,0
461,Andrew Hernandez,2024-06-09,09:47:09,19:26:50,0
462,Rachelle Berrian,2024-06-09,00:00:00,00:00:00,1
463,Craig Herrera,2024-06-09,08:03:08,23:27:35,0
464,Dana Saylor,2024-06-09,07:21:23,11:43:38,0
465,Jennifer Rowland,2024-06-09,06:27:23,17:04:00,0
466,John Boyd,2024-06-09,05:13:15,00:28:42,0
467,Amy Riblett,2024-06-09,08:38:52,18:37:27,0
468,Melody Farmer,2024-06-09,09:18:41,17:12:41,0
469,Adam Rodriguez,2024-06-09,08:35:51,17:33:11,0
470,Scott Brumfield,2024-06-09,06:42:03,17:27:00,0
471,Margaret Urena,2024-06-09,07:11:14,19:31:36,0
472,Lewis Garcia,2024-06-09,07:39:53,17:02:44,0
473,Robert Stinson,2024-06-09,09:34:19,17:33:14,0
474,Christopher Rowland,2024-06-09,10:04:53,20:18:43,0
475,Thomas Pritchard,2024-06-09,07:39:46,18:27:34,0
476,Kirk Stephenson,2024-06-09,09:06:30,16:37:57,0
477,Ola Meehan,2024-06-09,06:26:44,18:16:34,0
478,Ty Vanhoutte,2024-06-09,09:20:19,23:34:33,0
479,Edna Coker,2024-06-09,05:36:21,16:10:32,0
480,Bob Pope,2024-06-09,06:49:35,16:24:19,0
481,Mildred Smith,2024-06-09,00:00:00,00:00:00,1
482,Joseph Danielson,2024-06-09,05:56:33,17:08:55,0
483,Brian Urban,2024-06-09,00:00:00,00:00:00,1
484,James Doyle,2024-06-09,08:39:09,20:28:44,0
485,Christopher Vowell,2024-06-09,09:41:36,18:13:38,0
486,Kimberly Saylor,2024-06-09,08:43:15,18:21:43,0
487,Joseph Fritzler,2024-06-09,07:25:20,18:13:27,0
488,David Rice,2024-06-09,09:40:08,18:27:52,0
489,Cynthia Leal,2024-06-09,00:00:00,00:00:00,1
490,Gary Lundy,2024-06-09,09:37:53,17:21:28,0
491,Bobby Mcconkey,2024-06-09,09:14:46,16:26:38,0
492,Noble Pfaff,2024-06-09,06:26:26,17:18:19,0
493,Francis Womac,2024-06-09,07:49:24,21:12:50,0
494,Michael Emmick,2024-06-09,09:32:04,17:18:31,0
495,Natasha Mcclure,2024-06-09,08:40:42,17:39:44,0
496,Kenneth Jameson,2024-06-09,06:49:00,13:07:13,0
497,Lester Vercher,2024-06-09,06:15:35,11:47:35,0
498,Alton Pugsley,2024-06-09,09:27:20,16:23:34,0
499,Alan Langley,2024-06-09,09:20:53,12:24:25,0
500,James Black,2024-06-09,06:12:25,16:05:48,0
501,Carolyn Carson,2024-06-10,09:42:23,17:10:21,0
502,Eric Baney,2024-06-10,07:44:51,17:35:28,0
503,Vanda Tabor,2024-06-10,05:33:18,17:22:20,0
504,Homer Smith,2024-06-10,00:00:00,00:00:00,1
505,Jody Hansell,2024-06-10,00:00:00,00:00:00,1
506,Jacqueline Cole,2024-06-10,10:32:15,16:30:34,0
507,Garnet Ireland,2024-06-10,06:20:59,17:17:44,0
508,Douglas Vara,2024-06-10,09:07:09,19:43:07,0
509,Robert Hogg,2024-06-10,05:49:36,16:26:48,0
510,Robert Thomas,2024-06-10,08:40:28,11:31:47,0
511,Lynda Stevens,2024-06-10,05:22:57,16:03:43,0
512,Sarah Woody,2024-06-10,07:57:27,00:48:22,0
513,Jane Balderrama,2024-06-10,05:41:18,22:11:17,0
514,April Robinson,2024-06-10,05:13:31,18:08:24,0
515,Ryan Barajas,2024-06-10,09:08:44,20:37:16,0
516,Wendy Davis,2024-06-10,07:03:25,18:32:46,0
517,Jeffrey Nemith,2024-06-10,05:48:13,18:09:41,0
518,Kimberly Couey,2024-06-10,06:14:55,18:03:42,0
519,Dennis Sykes,2024-06-10,06:43:52,16:21:29,0
520,Felix Nichols,2024-06-10,08:46:01,16:39:38,0
521,Michael Robinson,2024-06-10,07:25:50,20:24:45,0
522,Steven Henderson,2024-06-10,06:05:12,11:45:53,0
523,Brandon Wright,2024-06-10,08:49:53,16:00:33,0
524,Charles Diep,2024-06-10,06:10:04,16:26:30,0
525,Rana Ash,2024-06-10,08:10:28,21:41:36,0
526,Maudie Green,2024-06-10,06:04:08,18:10:04,0
527,Annie Tanner,2024-06-10,06:44:15,23:37:04,0
528,Mark Maldonado,2024-06-10,05:48:55,18:38:21,0
529,Rowena Briseno,2024-06-10,07:45:12,19:50:30,0
530,Paul Smith,2024-06-10,07:19:28,00:38:03,0
531,Rufus Witt,2024-06-10,10:49:37,18:44:20,0
532,Rogelio Wright,2024-06-10,06:31:46,17:35:28,0
533,Willie Johnson,2024-06-10,08:06:25,17:05:18,0
534,Matthew Lopez,2024-06-10,06:48:26,16:50:10,0
535,John Johnson,2024-06-10,06:14:54,18:48:00,0
536,Rhonda Doyle,2024-06-10,07:21:33,16:07:37,0
537,Essie Frazier,2024-06-10,09:37:46,22:18:07,0
538,Mildred Spotts,2024-06-10,08:36:57,18:22:55,0
539,Diane Hernandez,2024-06-10,10:07:57,22:28:51,0
540,John Clinch,2024-06-10,00:00:00,00:00:00,1
541,Henry Pruett,2024-06-10,06:26:29,18:33:18,0
542,Shawn Peltier,2024-06-10,05:31:00,19:43:51,0
543,Antonio Richard,2024-06-10,05:51:35,17:08:48,0
544,Irma Torres,2024-06-10,05:28:40,18:48:54,0
545,Wm Burkette,2024-06-10,09:16:38,23:06:36,0
546,Terri Ginsberg,2024-06-10,05:32:49,17:12:53,0
547,Edward Reph,2024-06-10,06:34:35,17:33:53,0
548,Susan Anyan,2024-06-10,07:40:46,18:07:44,0
549,Elizabeth Beier,2024-06-10,08:22:20,22:24:48,0
550,Constance Zerbe,2024-06-10,09:46:27,18:36:42,0
551,Judith Rockman,2024-06-10,09:13:23,13:17:08,0
552,Joshua Springer,2024-06-10,06:44:33,19:12:56,0
553,Donald Romero,2024-06-10,06:19:03,17:01:20,0
554,Wayne Pierre,2024-06-10,09:39:06,16:49:29,0
555,Juan Sweat,2024-06-10,06:16:52,17:37:38,0
556,Laverne Fleming,2024-06-10,08:07:12,17:18:47,0
557,Judith Hammons,2024-06-10,06:50:58,20:27:19,0
558,Richard True,2024-06-10,08:57:36,12:16:26,0
559,Melissa Hettinger,2024-06-10,06:42:56,16:23:19,0
560,Joseph Anderson,2024-06-10,06:26:54,16:44:54,0
561,Andrew Hernandez,2024-06-10,06:14:05,12:40:08,0
562,Rachelle Berrian,2024-06-10,00:00:00,00:00:00,1
563,Craig Herrera,2024-06-10,00:00:00,00:00:00,1
564,Dana Saylor,2024-06-10,07:40:16,21:38:55,0
565,Jennifer Rowland,2024-06-10,09:10:33,18:42:16,0
566,John Boyd,2024-06-10,09:48:39,12:11:55,0
567,Amy Riblett,2024-06-10,06:34:42,17:09:14,0
568,Melody Farmer,2024-06-10,08:50:21,00:19:38,0
569,Adam Rodriguez,2024-06-10,00:00:00,00:00:00,1
570,Scott Brumfield,2024-06-10,07:06:14,22:27:52,0
571,Margaret Urena,2024-06-10,08:10:44,16:32:29,0
572,Lewis Garcia,2024-06-10,09:35:15,18:07:34,0
573,Robert Stinson,2024-06-10,07:46:33,18:50:01,0
574,Christopher Rowland,2024-06-10,00:00:00,00:00:00,1
575,Thomas Pritchard,2024-06-10,00:00:00,00:00:00,1
576,Kirk Stephenson,2024-06-10,06:20:31,12:06:57,0
577,Ola Meehan,2024-06-10,10:18:49,18:32:55,0
578,Ty Vanhoutte,2024-06-10,06:57:43,13:15:09,0
579,Edna Coker,2024-06-10,00:00:00,00:00:00,1
580,Bob Pope,2024-06-10,08:22:03,16:27:35,0
581,Mildred Smith,2024-06-10,07:43:19,17:28:21,0
582,Joseph Danielson,2024-06-10,08:19:28,11:06:11,0
583,Brian Urban,2024-06-10,09:07:23,17:05:16,0
584,James Doyle,2024-06-10,08:37:42,20:49:28,0
585,Christopher Vowell,2024-06-10,07:20:30,17:48:19,0
586,Kimberly Saylor,2024-06-10,08:47:53,16:32:08,0
587,Joseph Fritzler,2024-06-10,06:06:34,16:45:35,0
588,David Rice,2024-06-10,06:23:41,12:18:13,0
589,Cynthia Leal,2024-06-10,05:42:07,17:36:48,0
590,Gary Lundy,2024-06-10,00:00:00,00:00:00,1
591,Bobby Mcconkey,2024-06-10,08:38:43,21:19:23,0
592,Noble Pfaff,2024-06-10,08:10:30,16:05:29,0
593,Francis Womac,2024-06-10,10:41:29,13:31:34,0
594,Michael Emmick,2024-06-10,06:33:24,00:06:04,0
595,Natasha Mcclure,2024-06-10,09:01:09,18:02:43,0
596,Kenneth Jameson,2024-06-10,09:38:24,18:00:05,0
597,Lester Vercher,2024-06-10,07:15:43,12:26:06,0
598,Alton Pugsley,2024-06-10,08:44:25,17:00:11,0
599,Alan Langley,2024-06-10,09:48:10,12:28:41,0
600,James Black,2024-06-10,07:04:54,17:13:07,0
601,Carolyn Carson,2024-06-11,06:31:32,21:15:43,0
602,Eric Baney,2024-06-11,08:06:01,23:36:39,0
603,Vanda Tabor,2024-06-11,09:21:13,20:40:25,0
604,Homer Smith,2024-06-11,06:18:27,16:25:42,0
605,Jody Hansell,2024-06-11,09:56:14,17:35:05,0
606,Jacqueline Cole,2024-06-11,06:23:51,11:00:01,0
607,Garnet Ireland,2024-06-11,10:18:03,18:19:17,0
608,Douglas Vara,2024-06-11,08:11:13,20:27:47,0
609,Robert Hogg,2024-06-11,07:19:54,13:02:36,0
610,Robert Thomas,2024-06-11,00:00:00,00:00:00,1
611,Lynda Stevens,2024-06-11,07:22:33,17:35:50,0
612,Sarah Woody,2024-06-11,05:32:16,16:22:14,0
613,Jane Balderrama,2024-06-11,08:37:14,11:11:40,0
614,April Robinson,2024-06-11,08:18:29,13:37:19,0
615,Ryan Barajas,2024-06-11,09:28:45,19:16:49,0
616,Wendy Davis,2024-06-11,00:00:00,00:00:00,1
617,Jeffrey Nemith,2024-06-11,07:30:47,16:49:29,0
618,Kimberly Couey,2024-06-11,08:47:07,18:25:57,0
619,Dennis Sykes,2024-06-11,06:28:32,16:45:44,0
620,Felix Nichols,2024-06-11,09:20:37,17:22:05,0
621,Michael Robinson,2024-06-11,08:34:43,17:11:07,0
622,Steven Henderson,2024-06-11,06:59:53,16:13:29,0
623,Brandon Wright,2024-06-11,08:47:15,22:41:02,0
624,Charles Diep,2024-06-11,06:30:00,23:13:50,0
625,Rana Ash,2024-06-11,06:18:55,11:31:44,0
626,Maudie Green,2024-06-11,08:02:03,17:12:08,0
627,Annie Tanner,2024-06-11,09:36:58,16:43:41,0
628,Mark Maldonado,2024-06-11,07:03:36,11:22:11,0
629,Rowena Briseno,2024-06-11,00:00:00,00:00:00,1
630,Paul Smith,2024-06-11,07:30:04,22:22:31,0
631,Rufus Witt,2024-06-11,06:07:33,17:27:15,0
632,Rogelio Wright,2024-06-11,00:00:00,00:00:00,1
633,Willie Johnson,2024-06-11,07:38:03,13:45:27,0
634,Matthew Lopez,2024-06-11,09:11:46,16:19:54,0
635,John Johnson,2024-06-11,08:54:43,13:06:51,0
636,Rhonda Doyle,2024-06-11,09:49:32,19:24:27,0
637,Essie Frazier,2024-06-11,06:43:57,16:31:25,0
638,Mildred Spotts,2024-06-11,00:00:00,00:00:00,1
639,Diane Hernandez,2024-06-11,07:16:40,12:37:06,0
640,John Clinch,2024-06-11,06:06:36,17:39:32,0
641,Henry Pruett,2024-06-11,00:00:00,00:00:00,1
642,Shawn Peltier,2024-06-11,07:09:49,20:36:31,0
643,Antonio Richard,2024-06-11,09:19:38,17:34:06,0
644,Irma Torres,2024-06-11,05:53:40,18:40:11,0
645,Wm Burkette,2024-06-11,08:21:15,23:09:39,0
646,Terri Ginsberg,2024-06-11,10:42:55,16:22:46,0
647,Edward Reph,2024-06-11,10:32:55,17:21:21,0
648,Susan Anyan,2024-06-11,10:07:33,18:03:01,0
649,Elizabeth Beier,2024-06-11,10:43:48,18:23:14,0
650,Constance Zerbe,2024-06-11,10:08:20,16:17:39,0
651,Judith Rockman,2024-06-11,10:23:46,16:00:18,0
652,Joshua Springer,2024-06-11,07:36:12,17:05:45,0
653,Donald Romero,2024-06-11,09:33:48,18:49:17,0
654,Wayne Pierre,2024-06-11,00:00:00,00:00:00,1
655,Juan Sweat,2024-06-11,07:27:57,13:07:30,0
656,Laverne Fleming,2024-06-11,00:00:00,00:00:00,1
657,Judith Hammons,2024-06-11,00:00:00,00:00:00,1
658,Richard True,2024-06-11,05:17:28,16:49:49,0
659,Melissa Hettinger,2024-06-11,05:37:47,17:15:43,0
660,Joseph Anderson,2024-06-11,07:31:24,23:01:32,0
661,Andrew Hernandez,2024-06-11,00:00:00,00:00:00,1
662,Rachelle Berrian,2024-06-11,08:20:26,12:05:57,0
663,Craig Herrera,2024-06-11,08:36:09,18:43:39,0
664,Dana Saylor,2024-06-11,06:46:41,17:46:43,0
665,Jennifer Rowland,2024-06-11,08:57:46,18:13:56,0
666,John Boyd,2024-06-11,06:58:37,21:24:17,0
667,Amy Riblett,2024-06-11,07:11:22,23:33:57,0
668,Melody Farmer,2024-06-11,08:01:54,16:47:37,0
669,Adam Rodriguez,2024-06-11,09:24:24,16:50:16,0
670,Scott Brumfield,2024-06-11,08:35:53,18:39:43,0
671,Margaret Urena,2024-06-11,00:00:00,00:00:00,1
672,Lewis Garcia,2024-06-11,00:00:00,00:00:00,1
673,Robert Stinson,2024-06-11,06:12:18,00:19:48,0
674,Christopher Rowland,2024-06-11,09:24:23,11:10:06,0
675,Thomas Pritchard,2024-06-11,07:13:51,12:36:45,0
676,Kirk Stephenson,2024-06-11,10:21:52,12:29:19,0
677,Ola Meehan,2024-06-11,08:21:45,18:05:36,0
678,Ty Vanhoutte,2024-06-11,07:20:06,17:40:00,0
679,Edna Coker,2024-06-11,00:00:00,00:00:00,1
680,Bob Pope,2024-06-11,00:00:00,00:00:00,1
681,Mildred Smith,2024-06-11,06:41:11,17:05:04,0
682,Joseph Danielson,2024-06-11,05:10:50,12:35:10,0
683,Brian Urban,2024-06-11,09:02:20,16:32:54,0
684,James Doyle,2024-06-11,06:20:41,18:34:51,0
685,Christopher Vowell,2024-06-11,00:00:00,00:00:00,1
686,Kimberly Saylor,2024-06-11,06:44:48,17:15:42,0
687,Joseph Fritzler,2024-06-11,05:38:05,20:05:29,0
688,David Rice,2024-06-11,00:00:00,00:00:00,1
689,Cynthia Leal,2024-06-11,00:00:00,00:00:00,1
690,Gary Lundy,2024-06-11,07:25:24,19:40:55,0
691,Bobby Mcconkey,2024-06-11,08:14:17,20:03:11,0
692,Noble Pfaff,2024-06-11,08:26:15,13:04:30,0
693,Francis Womac,2024-06-11,10:22:13,13:07:00,0
694,Michael Emmick,2024-06-11,08:54:53,17:24:32,0
695,Natasha Mcclure,2024-06-11,08:25:19,13:36:38,0
696,Kenneth Jameson,2024-06-11,08:27:06,18:35:36,0
697,Lester Vercher,2024-06-11,10:02:56,18:39:26,0
698,Alton Pugsley,2024-06-11,06:13:43,18:38:21,0
699,Alan Langley,2024-06-11,00:00:00,00:00:00,1
700,James Black,2024-06-11,08:56:36,17:45:28,0
701,Carolyn Carson,2024-06-12,00:00:00,00:00:00,1
702,Eric Baney,2024-06-12,08:22:30,22:24:02,0
703,Vanda Tabor,2024-06-12,00:00:00,00:00:00,1
704,Homer Smith,2024-06-12,06:54:57,00:00:01,0
705,Jody Hansell,2024-06-12,06:13:55,16:18:10,0
706,Jacqueline Cole,2024-06-12,08:29:09,19:39:23,0
707,Garnet Ireland,2024-06-12,07:38:33,00:05:34,0
708,Douglas Vara,2024-06-12,08:01:02,17:45:43,0
709,Robert Hogg,2024-06-12,08:47:53,17:45:00,0
710,Robert Thomas,2024-06-12,10:39:47,17:27:30,0
711,Lynda Stevens,2024-06-12,06:28:11,13:14:23,0
712,Sarah Woody,2024-06-12,00:00:00,00:00:00,1
713,Jane Balderrama,2024-06-12,07:35:37,17:42:57,0
714,April Robinson,2024-06-12,09:28:39,22:11:35,0
715,Ryan Barajas,2024-06-12,08:26:44,18:45:07,0
716,Wendy Davis,2024-06-12,08:09:38,21:07:28,0
717,Jeffrey Nemith,2024-06-12,08:38:05,22:34:20,0
718,Kimberly Couey,2024-06-12,07:28:41,18:40:20,0
719,Dennis Sykes,2024-06-12,09:47:59,13:04:03,0
720,Felix Nichols,2024-06-12,09:57:20,20:16:13,0
721,Michael Robinson,2024-06-12,06:30:38,18:36:38,0
722,Steven Henderson,2024-06-12,10:31:14,16:17:31,0
723,Brandon Wright,2024-06-12,09:29:28,19:49:04,0
724,Charles Diep,2024-06-12,06:48:33,12:06:16,0
725,Rana Ash,2024-06-12,10:45:09,18:49:07,0
726,Maudie Green,2024-06-12,09:46:03,18:28:12,0
727,Annie Tanner,2024-06-12,05:23:53,17:06:30,0
728,Mark Maldonado,2024-06-12,05:27:44,17:16:48,0
729,Rowena Briseno,2024-06-12,06:08:34,18:42:24,0
730,Paul Smith,2024-06-12,09:29:32,18:26:13,0
731,Rufus Witt,2024-06-12,06:32:32,19:44:18,0
732,Rogelio Wright,2024-06-12,00:00:00,00:00:00,1
733,Willie Johnson,2024-06-12,00:00:00,00:00:00,1
734,Matthew Lopez,2024-06-12,05:46:27,16:12:08,0
735,John Johnson,2024-06-12,06:49:05,12:44:04,0
736,Rhonda Doyle,2024-06-12,08:50:38,20:19:08,0
737,Essie Frazier,2024-06-12,08:56:19,12:07:36,0
738,Mildred Spotts,2024-06-12,05:42:28,23:05:30,0
739,Diane Hernandez,2024-06-12,07:40:31,16:28:54,0
740,John Clinch,2024-06-12,00:00:00,00:00:00,1
741,Henry Pruett,2024-06-12,05:40:20,17:13:05,0
742,Shawn Peltier,2024-06-12,08:29:07,17:35:12,0
743,Antonio Richard,2024-06-12,10:33:56,18:31:35,0
744,Irma Torres,2024-06-12,08:34:50,22:26:42,0
745,Wm Burkette,2024-06-12,07:14:12,00:36:00,0
746,Terri Ginsberg,2024-06-12,09:37:47,16:14:44,0
747,Edward Reph,2024-06-12,05:38:35,21:10:29,0
748,Susan Anyan,2024-06-12,06:41:46,19:29:29,0
749,Elizabeth Beier,2024-06-12,08:10:31,00:23:26,0
750,Constance Zerbe,2024-06-12,08:12:40,19:04:42,0
751,Judith Rockman,2024-06-12,10:33:13,20:29:31,0
752,Joshua Springer,2024-06-12,00:00:00,00:00:00,1
753,Donald Romero,2024-06-12,05:12:54,16:12:08,0
754,Wayne Pierre,2024-06-12,07:31:26,18:07:12,0
755,Juan Sweat,2024-06-12,10:30:12,00:18:28,0
756,Laverne Fleming,2024-06-12,00:00:00,00:00:00,1
757,Judith Hammons,2024-06-12,06:39:22,19:49:53,0
758,Richard True,2024-06-12,05:14:13,18:17:56,0
759,Melissa Hettinger,2024-06-12,00:00:00,00:00:00,1
760,Joseph Anderson,2024-06-12,05:09:17,20:33:01,0
761,Andrew Hernandez,2024-06-12,10:11:51,17:40:09,0
762,Rachelle Berrian,2024-06-12,06:33:10,18:19:17,0
763,Craig Herrera,2024-06-12,10:07:13,00:10:13,0
764,Dana Saylor,2024-06-12,09:02:22,22:37:41,0
765,Jennifer Rowland,2024-06-12,06:21:52,16:05:47,0
766,John Boyd,2024-06-12,09:30:08,17:04:55,0
767,Amy Riblett,2024-06-12,07:29:05,00:02:48,0
768,Melody Farmer,2024-06-12,10:43:32,16:07:48,0
769,Adam Rodriguez,2024-06-12,07:36:50,18:16:33,0
770,Scott Brumfield,2024-06-12,07:34:23,16:42:36,0
771,Margaret Urena,2024-06-12,00:00:00,00:00:00,1
772,Lewis Garcia,2024-06-12,06:51:49,12:33:22,0
773,Robert Stinson,2024-06-12,10:45:16,22:31:41,0
774,Christopher Rowland,2024-06-12,10:00:32,17:39:27,0
775,Thomas Pritchard,2024-06-12,08:35:22,00:31:30,0
776,Kirk Stephenson,2024-06-12,00:00:00,00:00:00,1
777,Ola Meehan,2024-06-12,08:18:29,18:30:57,0
778,Ty Vanhoutte,2024-06-12,08:08:50,12:01:42,0
779,Edna Coker,2024-06-12,05:47:44,17:07:46,0
780,Bob Pope,2024-06-12,05:14:15,17:14:06,0
781,Mildred Smith,2024-06-12,00:00:00,00:00:00,1
782,Joseph Danielson,2024-06-12,06:57:30,17:38:02,0
783,Brian Urban,2024-06-12,05:26:19,16:18:34,0
784,James Doyle,2024-06-12,06:15:00,18:34:28,0
785,Christopher Vowell,2024-06-12,08:48:06,18:00:50,0
786,Kimberly Saylor,2024-06-12,10:47:46,18:08:25,0
787,Joseph Fritzler,2024-06-12,06:57:38,18:48:24,0
788,David Rice,2024-06-12,10:36:22,00:28:30,0
789,Cynthia Leal,2024-06-12,08:42:45,00:42:17,0
790,Gary Lundy,2024-06-12,06:35:25,00:19:12,0
791,Bobby Mcconkey,2024-06-12,09:32:28,16:12:50,0
792,Noble Pfaff,2024-06-12,06:50:12,22:15:03,0
793,Francis Womac,2024-06-12,06:47:40,00:03:51,0
794,Michael Emmick,2024-06-12,09:17:49,12:45:34,0
795,Natasha Mcclure,2024-06-12,00:00:00,00:00:00,1
796,Kenneth Jameson,2024-06-12,09:33:55,13:07:57,0
797,Lester Vercher,2024-06-12,07:36:38,20:00:23,0
798,Alton Pugsley,2024-06-12,00:00:00,00:00:00,1
799,Alan Langley,2024-06-12,07:24:37,17:20:23,0
800,James Black,2024-06-12,08:27:22,18:46:21,0
801,Carolyn Carson,2024-06-13,09:44:38,22:44:54,0
802,Eric Baney,2024-06-13,10:03:17,21:39:50,0
803,Vanda Tabor,2024-06-13,06:36:32,18:01:09,0
804,Homer Smith,2024-06-13,07:43:28,17:28:49,0
805,Jody Hansell,2024-06-13,06:41:44,11:03:15,0
806,Jacqueline Cole,2024-06-13,08:49:50,17:18:35,0
807,Garnet Ireland,2024-06-13,00:00:00,00:00:00,1
808,Douglas Vara,2024-06-13,08:33:52,00:32:04,0
809,Robert Hogg,2024-06-13,06:36:12,21:05:12,0
810,Robert Thomas,2024-06-13,08:16:10,21:31:31,0
811,Lynda Stevens,2024-06-13,10:22:37,16:34:01,0
812,Sarah Woody,2024-06-13,08:36:24,18:13:50,0
813,Jane Balderrama,2024-06-13,07:02:20,11:12:10,0
814,April Robinson,2024-06-13,07:57:26,19:13:05,0
815,Ryan Barajas,2024-06-13,06:43:57,16:11:12,0
816,Wendy Davis,2024-06-13,07:31:29,20:23:34,0
817,Jeffrey Nemith,2024-06-13,00:00:00,00:00:00,1
818,Kimberly Couey,2024-06-13,10:39:31,16:31:51,0
819,Dennis Sykes,2024-06-13,05:47:28,17:42:41,0
820,Felix Nichols,2024-06-13,09:28:50,22:00:19,0
821,Michael Robinson,2024-06-13,05:50:09,16:00:45,0
822,Steven Henderson,2024-06-13,06:12:32,16:12:40,0
823,Brandon Wright,2024-06-13,07:52:06,18:01:50,0
824,Charles Diep,2024-06-13,09:20:34,17:14:08,0
825,Rana Ash,2024-06-13,10:34:15,18:45:16,0
826,Maudie Green,2024-06-13,08:30:48,16:31:19,0
827,Annie Tanner,2024-06-13,06:11:29,12:41:23,0
828,Mark Maldonado,2024-06-13,06:20:11,16:40:53,0
829,Rowena Briseno,2024-06-13,08:15:44,20:10:27,0
830,Paul Smith,2024-06-13,05:36:21,18:36:43,0
831,Rufus Witt,2024-06-13,06:08:53,17:12:38,0
832,Rogelio Wright,2024-06-13,06:26:43,16:13:43,0
833,Willie Johnson,2024-06-13,10:07:44,16:25:33,0
834,Matthew Lopez,2024-06-13,07:29:09,00:03:48,0
835,John Johnson,2024-06-13,07:22:26,17:28:01,0
836,Rhonda Doyle,2024-06-13,10:21:37,16:07:11,0
837,Essie Frazier,2024-06-13,05:57:11,18:08:33,0
838,Mildred Spotts,2024-06-13,07:13:35,20:40:45,0
839,Diane Hernandez,2024-06-13,08:51:26,21:25:36,0
840,John Clinch,2024-06-13,00:00:00,00:00:00,1
841,Henry Pruett,2024-06-13,08:04:12,13:14:22,0
842,Shawn Peltier,2024-06-13,00:00:00,00:00:00,1
843,Antonio Richard,2024-06-13,06:22:10,16:31:02,0
844,Irma Torres,2024-06-13,10:23:41,23:11:41,0
845,Wm Burkette,2024-06-13,10:27:35,18:35:28,0
846,Terri Ginsberg,2024-06-13,08:47:55,18:26:37,0
847,Edward Reph,2024-06-13,07:27:33,17:00:04,0
848,Susan Anyan,2024-06-13,07:31:14,18:33:18,0
849,Elizabeth Beier,2024-06-13,07:13:37,16:36:48,0
850,Constance Zerbe,2024-06-13,09:19:43,18:12:51,0
851,Judith Rockman,2024-06-13,07:16:39,11:20:13,0
852,Joshua Springer,2024-06-13,08:25:33,18:25:54,0
853,Donald Romero,2024-06-13,00:00:00,00:00:00,1
854,Wayne Pierre,2024-06-13,08:56:11,17:08:52,0
855,Juan Sweat,2024-06-13,00:00:00,00:00:00,1
856,Laverne Fleming,2024-06-13,00:00:00,00:00:00,1
857,Judith Hammons,2024-06-13,10:04:28,18:26:15,0
858,Richard True,2024-06-13,08:55:58,17:01:00,0
859,Melissa Hettinger,2024-06-13,07:34:27,18:32:21,0
860,Joseph Anderson,2024-06-13,05:58:21,13:32:28,0
861,Andrew Hernandez,2024-06-13,10:20:50,18:41:19,0
862,Rachelle Berrian,2024-06-13,08:26:37,22:46:26,0
863,Craig Herrera,2024-06-13,09:48:09,17:16:10,0
864,Dana Saylor,2024-06-13,00:00:00,00:00:00,1
865,Jennifer Rowland,2024-06-13,06:43:32,12:12:30,0
866,John Boyd,2024-06-13,08:11:04,12:34:15,0
867,Amy Riblett,2024-06-13,10:37:54,16:50:08,0
868,Melody Farmer,2024-06-13,09:22:08,16:09:47,0
869,Adam Rodriguez,2024-06-13,10:14:00,11:35:45,0
870,Scott Brumfield,2024-06-13,07:38:14,13:14:43,0
871,Margaret Urena,2024-06-13,06:33:47,11:15:18,0
872,Lewis Garcia,2024-06-13,09:18:41,17:22:50,0
873,Robert Stinson,2024-06-13,08:58:48,16:34:17,0
874,Christopher Rowland,2024-06-13,00:00:00,00:00:00,1
875,Thomas Pritchard,2024-06-13,08:15:21,12:28:13,0
876,Kirk Stephenson,2024-06-13,09:42:53,11:01:13,0
877,Ola Meehan,2024-06-13,00:00:00,00:00:00,1
878,Ty Vanhoutte,2024-06-13,06:18:46,13:28:38,0
879,Edna Coker,2024-06-13,05:36:03,16:11:47,0
880,Bob Pope,2024-06-13,09:02:37,23:49:54,0
881,Mildred Smith,2024-06-13,07:29:39,12:24:36,0
882,Joseph Danielson,2024-06-13,07:55:28,13:29:50,0
883,Brian Urban,2024-06-13,07:55:50,18:26:55,0
884,James Doyle,2024-06-13,05:09:23,21:08:23,0
885,Christopher Vowell,2024-06-13,10:50:02,17:27:06,0
886,Kimberly Saylor,2024-06-13,06:34:33,21:14:46,0
887,Joseph Fritzler,2024-06-13,09:49:35,16:41:02,0
888,David Rice,2024-06-13,00:00:00,00:00:00,1
889,Cynthia Leal,2024-06-13,07:18:39,19:42:04,0
890,Gary Lundy,2024-06-13,09:42:43,12:19:30,0
891,Bobby Mcconkey,2024-06-13,10:35:25,17:33:00,0
892,Noble Pfaff,2024-06-13,09:31:30,13:16:56,0
893,Francis Womac,2024-06-13,06:14:21,18:18:45,0
894,Michael Emmick,2024-06-13,09:46:18,18:33:57,0
895,Natasha Mcclure,2024-06-13,06:42:47,16:44:44,0
896,Kenneth Jameson,2024-06-13,09:57:43,18:32:19,0
897,Lester Vercher,2024-06-13,06:16:10,21:06:53,0
898,Alton Pugsley,2024-06-13,00:00:00,00:00:00,1
899,Alan Langley,2024-06-13,09:31:08,18:10:22,0
900,James Black,2024-06-13,09:49:52,00:24:15,0
901,Carolyn Carson,2024-06-14,09:25:55,19:04:37,0
902,Eric Baney,2024-06-14,07:14:17,22:38:31,0
903,Vanda Tabor,2024-06-14,09:24:06,18:20:40,0
904,Homer Smith,2024-06-14,10:20:14,18:41:49,0
905,Jody Hansell,2024-06-14,00:00:00,00:00:00,1
906,Jacqueline Cole,2024-06-14,07:09:28,18:42:39,0
907,Garnet Ireland,2024-06-14,08:12:23,00:16:17,0
908,Douglas Vara,2024-06-14,08:28:30,13:48:47,0
909,Robert Hogg,2024-06-14,06:17:55,11:26:28,0
910,Robert Thomas,2024-06-14,09:27:28,18:46:20,0
911,Lynda Stevens,2024-06-14,07:28:33,17:08:20,0
912,Sarah Woody,2024-06-14,08:25:40,13:16:19,0
913,Jane Balderrama,2024-06-14,09:13:10,13:34:50,0
914,April Robinson,2024-06-14,00:00:00,00:00:00,1
915,Ryan Barajas,2024-06-14,05:31:31,11:00:09,0
916,Wendy Davis,2024-06-14,05:55:33,23:48:07,0
917,Jeffrey Nemith,2024-06-14,09:32:15,18:18:41,0
918,Kimberly Couey,2024-06-14,00:00:00,00:00:00,1
919,Dennis Sykes,2024-06-14,07:32:28,17:22:49,0
920,Felix Nichols,2024-06-14,09:03:15,18:38:32,0
921,Michael Robinson,2024-06-14,00:00:00,00:00:00,1
922,Steven Henderson,2024-06-14,07:24:25,13:42:19,0
923,Brandon Wright,2024-06-14,08:13:14,13:20:49,0
924,Charles Diep,2024-06-14,08:21:36,16:03:24,0
925,Rana Ash,2024-06-14,10:47:32,16:03:49,0
926,Maudie Green,2024-06-14,09:49:33,16:43:48,0
927,Annie Tanner,2024-06-14,08:46:20,17:31:03,0
928,Mark Maldonado,2024-06-14,00:00:00,00:00:00,1
929,Rowena Briseno,2024-06-14,09:52:28,12:48:29,0
930,Paul Smith,2024-06-14,06:09:43,17:20:06,0
931,Rufus Witt,2024-06-14,09:46:29,00:11:25,0
932,Rogelio Wright,2024-06-14,05:30:38,23:23:44,0
933,Willie Johnson,2024-06-14,06:04:57,13:41:38,0
934,Matthew Lopez,2024-06-14,05:27:48,17:09:35,0
935,John Johnson,2024-06-14,07:09:29,21:37:57,0
936,Rhonda Doyle,2024-06-14,00:00:00,00:00:00,1
937,Essie Frazier,2024-06-14,00:00:00,00:00:00,1
938,Mildred Spotts,2024-06-14,06:53:32,16:44:13,0
939,Diane Hernandez,2024-06-14,00:00:00,00:00:00,1
940,John Clinch,2024-06-14,09:29:17,18:41:17,0
941,Henry Pruett,2024-06-14,09:26:00,22:16:15,0
942,Shawn Peltier,2024-06-14,08:17:16,17:22:20,0
943,Antonio Richard,2024-06-14,09:16:48,00:22:56,0
944,Irma Torres,2024-06-14,05:32:22,12:00:13,0
945,Wm Burkette,2024-06-14,07:34:05,18:05:54,0
946,Terri Ginsberg,2024-06-14,05:18:47,18:09:18,0
947,Edward Reph,2024-06-14,07:38:12,17:25:39,0
948,Susan Anyan,2024-06-14,10:37:03,17:45:00,0
949,Elizabeth Beier,2024-06-14,09:41:55,17:45:01,0
950,Constance Zerbe,2024-06-14,09:31:07,16:15:16,0
951,Judith Rockman,2024-06-14,09:27:37,16:44:12,0
952,Joshua Springer,2024-06-14,08:34:46,13:03:24,0
953,Donald Romero,2024-06-14,09:38:51,18:41:41,0
954,Wayne Pierre,2024-06-14,00:00:00,00:00:00,1
955,Juan Sweat,2024-06-14,08:12:08,18:21:43,0
956,Laverne Fleming,2024-06-14,00:00:00,00:00:00,1
957,Judith Hammons,2024-06-14,05:57:31,16:25:28,0
958,Richard True,2024-06-14,06:59:05,12:17:36,0
959,Melissa Hettinger,2024-06-14,08:41:23,18:23:25,0
960,Joseph Anderson,2024-06-14,09:15:42,19:08:28,0
961,Andrew Hernandez,2024-06-14,08:48:24,18:32:52,0
962,Rachelle Berrian,2024-06-14,08:34:30,17:37:41,0
963,Craig Herrera,2024-06-14,07:10:05,22:10:34,0
964,Dana Saylor,2024-06-14,08:42:37,16:16:50,0
965,Jennifer Rowland,2024-06-14,09:14:52,18:06:05,0
966,John Boyd,2024-06-14,08:18:10,21:11:25,0
967,Amy Riblett,2024-06-14,06:00:05,18:48:24,0
968,Melody Farmer,2024-06-14,08:27:58,00:06:21,0
969,Adam Rodriguez,2024-06-14,05:22:27,18:37:50,0
970,Scott Brumfield,2024-06-14,08:26:27,12:35:36,0
971,Margaret Urena,2024-06-14,06:16:07,17:42:28,0
972,Lewis Garcia,2024-06-14,09:30:34,18:13:11,0
973,Robert Stinson,2024-06-14,08:21:32,17:00:55,0
974,Christopher Rowland,2024-06-14,08:48:27,17:20:57,0
975,Thomas Pritchard,2024-06-14,10:39:47,13:47:28,0
976,Kirk Stephenson,2024-06-14,06:42:51,13:46:18,0
977,Ola Meehan,2024-06-14,06:21:37,19:48:31,0
978,Ty Vanhoutte,2024-06-14,06:45:40,16:21:40,0
979,Edna Coker,2024-06-14,08:45:59,17:31:13,0
980,Bob Pope,2024-06-14,08:34:18,17:47:20,0
981,Mildred Smith,2024-06-14,08:42:32,18:33:48,0
982,Joseph Danielson,2024-06-14,08:13:01,20:44:28,0
983,Brian Urban,2024-06-14,06:58:53,17:32:26,0
984,James Doyle,2024-06-14,07:31:46,17:38:53,0
985,Christopher Vowell,2024-06-14,00:00:00,00:00:00,1
986,Kimberly Saylor,2024-06-14,10:08:11,19:21:32,0
987,Joseph Fritzler,2024-06-14,05:55:12,16:43:00,0
988,David Rice,2024-06-14,07:25:25,16:36:52,0
989,Cynthia Leal,2024-06-14,07:29:16,21:44:20,0
990,Gary Lundy,2024-06-14,06:21:49,18:05:09,0
991,Bobby Mcconkey,2024-06-14,10:06:15,16:23:46,0
992,Noble Pfaff,2024-06-14,09:19:49,17:24:43,0
993,Francis Womac,2024-06-14,07:35:15,16:17:39,0
994,Michael Emmick,2024-06-14,06:24:16,17:29:37,0
995,Natasha Mcclure,2024-06-14,10:07:34,18:35:57,0
996,Kenneth Jameson,2024-06-14,06:39:50,17:24:36,0
997,Lester Vercher,2024-06-14,07:25:22,18:26:01,0
998,Alton Pugsley,2024-06-14,06:20:05,16:03:40,0
999,Alan Langley,2024-06-14,07:50:31,17:11:17,0
1000,James Black,2024-06-14,06:50:40,16:39:17,0
1001,Carolyn Carson,2024-06-15,07:21:04,16:17:08,0
1002,Eric Baney,2024-06-15,09:59:54,18:06:56,0
1003,Vanda Tabor,2024-06-15,00:00:00,00:00:00,1
1004,Homer Smith,2024-06-15,06:43:25,17:30:26,0
1005,Jody Hansell,2024-06-15,00:00:00,00:00:00,1
1006,Jacqueline Cole,2024-06-15,09:28:58,21:18:33,0
1007,Garnet Ireland,2024-06-15,08:37:32,17:18:01,0
1008,Douglas Vara,2024-06-15,08:50:16,16:30:31,0
1009,Robert Hogg,2024-06-15,08:52:20,17:35:36,0
1010,Robert Thomas,2024-06-15,06:41:31,19:44:01,0
1011,Lynda Stevens,2024-06-15,08:51:04,12:20:27,0
1012,Sarah Woody,2024-06-15,05:12:27,16:25:54,0
1013,Jane Balderrama,2024-06-15,10:31:25,17:07:44,0
1014,April Robinson,2024-06-15,07:41:42,16:48:31,0
1015,Ryan Barajas,2024-06-15,06:48:41,17:06:56,0
1016,Wendy Davis,2024-06-15,06:50:39,22:19:44,0
1017,Jeffrey Nemith,2024-06-15,09:49:17,17:37:18,0
1018,Kimberly Couey,2024-06-15,00:00:00,00:00:00,1
1019,Dennis Sykes,2024-06-15,06:27:03,17:49:31,0
1020,Felix Nichols,2024-06-15,00:00:00,00:00:00,1
1021,Michael Robinson,2024-06-15,09:00:56,16:30:49,0
1022,Steven Henderson,2024-06-15,10:17:12,17:38:02,0
1023,Brandon Wright,2024-06-15,07:43:24,16:35:24,0
1024,Charles Diep,2024-06-15,07:37:43,19:00:51,0
1025,Rana Ash,2024-06-15,10:49:37,18:31:55,0
1026,Maudie Green,2024-06-15,05:18:27,00:14:08,0
1027,Annie Tanner,2024-06-15,06:53:48,18:22:48,0
1028,Mark Maldonado,2024-06-15,10:19:35,17:09:41,0
1029,Rowena Briseno,2024-06-15,05:19:57,17:35:19,0
1030,Paul Smith,2024-06-15,06:22:38,17:30:17,0
1031,Rufus Witt,2024-06-15,07:42:19,12:08:45,0
1032,Rogelio Wright,2024-06-15,00:00:00,00:00:00,1
1033,Willie Johnson,2024-06-15,05:15:03,12:19:28,0
1034,Matthew Lopez,2024-06-15,09:14:46,16:05:09,0
1035,John Johnson,2024-06-15,07:14:38,18:03:47,0
1036,Rhonda Doyle,2024-06-15,00:00:00,00:00:00,1
1037,Essie Frazier,2024-06-15,05:52:33,00:11:35,0
1038,Mildred Spotts,2024-06-15,06:37:39,18:31:56,0
1039,Diane Hernandez,2024-06-15,06:31:59,18:25:50,0
1040,John Clinch,2024-06-15,07:26:30,11:41:24,0
1041,Henry Pruett,2024-06-15,07:34:46,18:25:57,0
1042,Shawn Peltier,2024-06-15,05:21:19,16:46:07,0
1043,Antonio Richard,2024-06-15,09:32:36,18:18:15,0
1044,Irma Torres,2024-06-15,06:27:27,16:05:57,0
1045,Wm Burkette,2024-06-15,09:32:35,18:09:14,0
1046,Terri Ginsberg,2024-06-15,07:02:39,23:33:13,0
1047,Edward Reph,2024-06-15,09:13:33,16:44:50,0
1048,Susan Anyan,2024-06-15,07:06:13,23:22:04,0
1049,Elizabeth Beier,2024-06-15,00:00:00,00:00:00,1
1050,Constance Zerbe,2024-06-15,07:06:55,16:01:28,0
1051,Judith Rockman,2024-06-15,06:16:03,17:23:24,0
1052,Joshua Springer,2024-06-15,00:00:00,00:00:00,1
1053,Donald Romero,2024-06-15,07:18:19,17:33:12,0
1054,Wayne Pierre,2024-06-15,08:40:54,12:48:30,0
1055,Juan Sweat,2024-06-15,06:16:45,18:35:03,0
1056,Laverne Fleming,2024-06-15,00:00:00,00:00:00,1
1057,Judith Hammons,2024-06-15,05:12:25,17:40:48,0
1058,Richard True,2024-06-15,06:09:35,18:45:39,0
1059,Melissa Hettinger,2024-06-15,08:17:38,16:14:13,0
1060,Joseph Anderson,2024-06-15,09:31:31,19:01:33,0
1061,Andrew Hernandez,2024-06-15,07:16:30,22:39:06,0
1062,Rachelle Berrian,2024-06-15,08:10:33,12:22:18,0
1063,Craig Herrera,2024-06-15,05:11:44,11:29:29,0
1064,Dana Saylor,2024-06-15,07:21:25,18:47:07,0
1065,Jennifer Rowland,2024-06-15,05:17:28,16:44:02,0
1066,John Boyd,2024-06-15,07:54:34,22:25:15,0
1067,Amy Riblett,2024-06-15,08:11:53,18:00:45,0
1068,Melody Farmer,2024-06-15,06:20:05,13:14:13,0
1069,Adam Rodriguez,2024-06-15,05:35:37,17:24:03,0
1070,Scott Brumfield,2024-06-15,10:02:13,11:49:12,0
1071,Margaret Urena,2024-06-15,05:57:16,16:01:13,0
1072,Lewis Garcia,2024-06-15,07:35:16,16:41:24,0
1073,Robert Stinson,2024-06-15,10:20:11,18:19:34,0
1074,Christopher Rowland,2024-06-15,07:11:50,16:20:33,0
1075,Thomas Pritchard,2024-06-15,08:37:25,17:04:49,0
1076,Kirk Stephenson,2024-06-15,09:49:36,18:47:43,0
1077,Ola Meehan,2024-06-15,10:31:27,18:13:49,0
1078,Ty Vanhoutte,2024-06-15,07:48:19,17:38:37,0
1079,Edna Coker,2024-06-15,07:05:55,20:41:23,0
1080,Bob Pope,2024-06-15,07:17:53,18:29:00,0
1081,Mildred Smith,2024-06-15,06:53:57,12:02:33,0
1082,Joseph Danielson,2024-06-15,00:00:00,00:00:00,1
1083,Brian Urban,2024-06-15,09:40:30,18:38:56,0
1084,James Doyle,2024-06-15,06:40:49,17:46:08,0
1085,Christopher Vowell,2024-06-15,08:45:28,17:05:24,0
1086,Kimberly Saylor,2024-06-15,07:19:04,17:12:47,0
1087,Joseph Fritzler,2024-06-15,09:13:42,18:48:20,0
1088,David Rice,2024-06-15,10:22:50,20:43:00,0
1089,Cynthia Leal,2024-06-15,08:39:43,17:13:48,0
1090,Gary Lundy,2024-06-15,10:02:23,23:40:25,0
1091,Bobby Mcconkey,2024-06-15,07:29:37,17:44:29,0
1092,Noble Pfaff,2024-06-15,05:58:36,18:17:44,0
1093,Francis Womac,2024-06-15,08:48:28,18:25:36,0
1094,Michael Emmick,2024-06-15,08:31:16,11:10:35,0
1095,Natasha Mcclure,2024-06-15,06:06:48,16:08:04,0
1096,Kenneth Jameson,2024-06-15,05:58:43,00:38:11,0
1097,Lester Vercher,2024-06-15,00:00:00,00:00:00,1
1098,Alton Pugsley,2024-06-15,07:47:24,20:49:10,0
1099,Alan Langley,2024-06-15,09:31:20,16:42:55,0
1100,James Black,2024-06-15,05:12:57,18:36:44,0
1101,Carolyn Carson,2024-06-16,07:19:37,11:29:56,0
1102,Eric Baney,2024-06-16,00:00:00,00:00:00,1
1103,Vanda Tabor,2024-06-16,07:30:18,13:02:20,0
1104,Homer Smith,2024-06-16,10:46:04,16:43:44,0
1105,Jody Hansell,2024-06-16,00:00:00,00:00:00,1
1106,Jacqueline Cole,2024-06-16,10:22:55,18:09:45,0
1107,Garnet Ireland,2024-06-16,07:56:55,12:01:19,0
1108,Douglas Vara,2024-06-16,07:16:45,13:50:43,0
1109,Robert Hogg,2024-06-16,10:32:43,12:15:46,0
1110,Robert Thomas,2024-06-16,09:13:52,16:47:14,0
1111,Lynda Stevens,2024-06-16,06:31:38,17:13:34,0
1112,Sarah Woody,2024-06-16,10:46:53,19:04:44,0
1113,Jane Balderrama,2024-06-16,08:04:47,17:36:54,0
1114,April Robinson,2024-06-16,09:20:27,23:29:16,0
1115,Ryan Barajas,2024-06-16,06:55:27,00:04:36,0
1116,Wendy Davis,2024-06-16,05:11:25,23:25:19,0
1117,Jeffrey Nemith,2024-06-16,07:49:37,21:34:24,0
1118,Kimberly Couey,2024-06-16,09:20:49,23:32:04,0
1119,Dennis Sykes,2024-06-16,06:46:42,13:34:49,0
1120,Felix Nichols,2024-06-16,06:26:16,16:36:34,0
1121,Michael Robinson,2024-06-16,07:43:45,17:37:40,0
1122,Steven Henderson,2024-06-16,05:35:50,18:45:29,0
1123,Brandon Wright,2024-06-16,09:44:33,17:30:41,0
1124,Charles Diep,2024-06-16,07:56:25,21:03:43,0
1125,Rana Ash,2024-06-16,07:12:39,18:33:00,0
1126,Maudie Green,2024-06-16,06:23:34,13:39:40,0
1127,Annie Tanner,2024-06-16,00:00:00,00:00:00,1
1128,Mark Maldonado,2024-06-16,00:00:00,00:00:00,1
1129,Rowena Briseno,2024-06-16,05:32:54,16:14:51,0
1130,Paul Smith,2024-06-16,09:20:11,13:12:11,0
1131,Rufus Witt,2024-06-16,08:31:12,17:38:09,0
1132,Rogelio Wright,2024-06-16,07:19:05,17:40:05,0
1133,Willie Johnson,2024-06-16,00:00:00,00:00:00,1
1134,Matthew Lopez,2024-06-16,07:49:25,18:39:55,0
1135,John Johnson,2024-06-16,00:00:00,00:00:00,1
1136,Rhonda Doyle,2024-06-16,06:28:44,13:34:09,0
1137,Essie Frazier,2024-06-16,07:35:50,17:22:55,0
1138,Mildred Spotts,2024-06-16,09:07:10,16:05:25,0
1139,Diane Hernandez,2024-06-16,06:48:42,11:39:10,0
1140,John Clinch,2024-06-16,06:09:34,18:04:06,0
1141,Henry Pruett,2024-06-16,09:03:05,18:43:36,0
1142,Shawn Peltier,2024-06-16,06:34:55,13:01:47,0
1143,Antonio Richard,2024-06-16,09:18:58,17:39:48,0
1144,Irma Torres,2024-06-16,08:23:22,20:31:08,0
1145,Wm Burkette,2024-06-16,09:03:07,17:12:32,0
1146,Terri Ginsberg,2024-06-16,06:19:05,16:05:06,0
1147,Edward Reph,2024-06-16,07:44:25,21:27:44,0
1148,Susan Anyan,2024-06-16,08:52:56,11:06:40,0
1149,Elizabeth Beier,2024-06-16,08:39:05,16:39:23,0
1150,Constance Zerbe,2024-06-16,09:35:58,16:30:50,0
1151,Judith Rockman,2024-06-16,07:24:44,17:16:48,0
1152,Joshua Springer,2024-06-16,06:37:32,17:48:30,0
1153,Donald Romero,2024-06-16,05:39:13,16:06:40,0
1154,Wayne Pierre,2024-06-16,06:01:22,22:29:10,0
1155,Juan Sweat,2024-06-16,08:28:07,17:33:02,0
1156,Laverne Fleming,2024-06-16,06:59:42,18:23:02,0
1157,Judith Hammons,2024-06-16,09:16:47,13:07:11,0
1158,Richard True,2024-06-16,00:00:00,00:00:00,1
1159,Melissa Hettinger,2024-06-16,06:26:25,16:46:12,0
1160,Joseph Anderson,2024-06-16,09:41:05,17:39:39,0
1161,Andrew Hernandez,2024-06-16,06:30:05,17:07:27,0
1162,Rachelle Berrian,2024-06-16,00:00:00,00:00:00,1
1163,Craig Herrera,2024-06-16,07:24:08,11:07:16,0
1164,Dana Saylor,2024-06-16,06:51:41,18:50:05,0
1165,Jennifer Rowland,2024-06-16,05:21:19,18:48:23,0
1166,John Boyd,2024-06-16,07:20:22,17:39:42,0
1167,Amy Riblett,2024-06-16,09:32:15,17:31:26,0
1168,Melody Farmer,2024-06-16,07:39:17,20:47:54,0
1169,Adam Rodriguez,2024-06-16,06:03:07,17:04:57,0
1170,Scott Brumfield,2024-06-16,09:22:36,18:24:05,0
1171,Margaret Urena,2024-06-16,08:21:47,11:47:28,0
1172,Lewis Garcia,2024-06-16,08:23:17,18:34:35,0
1173,Robert Stinson,2024-06-16,10:01:11,23:26:40,0
1174,Christopher Rowland,2024-06-16,08:18:08,16:37:29,0
1175,Thomas Pritchard,2024-06-16,00:00:00,00:00:00,1
1176,Kirk Stephenson,2024-06-16,08:16:56,17:32:56,0
1177,Ola Meehan,2024-06-16,08:27:06,17:47:38,0
1178,Ty Vanhoutte,2024-06-16,07:02:27,21:43:30,0
1179,Edna Coker,2024-06-16,05:33:40,18:48:00,0
1180,Bob Pope,2024-06-16,08:46:56,23:49:36,0
1181,Mildred Smith,2024-06-16,10:13:08,21:38:35,0
1182,Joseph Danielson,2024-06-16,05:50:26,13:01:34,0
1183,Brian Urban,2024-06-16,10:31:39,17:26:02,0
1184,James Doyle,2024-06-16,06:53:26,13:32:05,0
1185,Christopher Vowell,2024-06-16,08:07:19,16:30:26,0
1186,Kimberly Saylor,2024-06-16,07:24:49,18:35:27,0
1187,Joseph Fritzler,2024-06-16,00:00:00,00:00:00,1
1188,David Rice,2024-06-16,08:37:00,00:44:38,0
1189,Cynthia Leal,2024-06-16,08:22:26,17:27:00,0
1190,Gary Lundy,2024-06-16,08:19:18,16:38:50,0
1191,Bobby Mcconkey,2024-06-16,05:59:49,17:45:55,0
1192,Noble Pfaff,2024-06-16,00:00:00,00:00:00,1
1193,Francis Womac,2024-06-16,08:46:36,23:05:52,0
1194,Michael Emmick,2024-06-16,09:39:57,17:35:37,0
1195,Natasha Mcclure,2024-06-16,07:49:32,16:00:27,0
1196,Kenneth Jameson,2024-06-16,10:20:53,19:20:46,0
1197,Lester Vercher,2024-06-16,06:25:29,21:29:21,0
1198,Alton Pugsley,2024-06-16,06:58:29,17:11:25,0
1199,Alan Langley,2024-06-16,09:33:19,00:03:03,0
1200,James Black,2024-06-16,08:19:50,22:44:54,0
1201,Carolyn Carson,2024-06-17,08:24:24,19:46:52,0
1202,Eric Baney,2024-06-17,05:18:24,22:22:37,0
1203,Vanda Tabor,2024-06-17,07:57:53,18:37:35,0
1204,Homer Smith,2024-06-17,07:46:42,16:25:39,0
1205,Jody Hansell,2024-06-17,08:00:12,21:37:00,0
1206,Jacqueline Cole,2024-06-17,06:17:52,19:16:32,0
1207,Garnet Ireland,2024-06-17,08:19:21,16:14:52,0
1208,Douglas Vara,2024-06-17,07:14:04,17:34:52,0
1209,Robert Hogg,2024-06-17,06:04:51,13:09:01,0
1210,Robert Thomas,2024-06-17,00:00:00,00:00:00,1
1211,Lynda Stevens,2024-06-17,06:14:53,20:01:42,0
1212,Sarah Woody,2024-06-17,09:46:44,16:33:43,0
1213,Jane Balderrama,2024-06-17,08:12:48,18:43:53,0
1214,April Robinson,2024-06-17,08:02:20,20:06:48,0
1215,Ryan Barajas,2024-06-17,10:27:19,19:05:01,0
1216,Wendy Davis,2024-06-17,06:30:46,12:16:11,0
1217,Jeffrey Nemith,2024-06-17,00:00:00,00:00:00,1
1218,Kimberly Couey,2024-06-17,00:00:00,00:00:00,1
1219,Dennis Sykes,2024-06-17,05:27:33,13:27:48,0
1220,Felix Nichols,2024-06-17,08:29:33,21:35:18,0
1221,Michael Robinson,2024-06-17,10:27:27,16:13:45,0
1222,Steven Henderson,2024-06-17,09:40:07,18:11:18,0
1223,Brandon Wright,2024-06-17,08:07:42,18:16:50,0
1224,Charles Diep,2024-06-17,07:26:34,20:27:51,0
1225,Rana Ash,2024-06-17,06:25:25,18:09:10,0
1226,Maudie Green,2024-06-17,09:31:35,17:24:04,0
1227,Annie Tanner,2024-06-17,00:00:00,00:00:00,1
1228,Mark Maldonado,2024-06-17,08:33:59,11:29:27,0
1229,Rowena Briseno,2024-06-17,06:35:38,16:33:34,0
1230,Paul Smith,2024-06-17,08:19:28,18:49:55,0
1231,Rufus Witt,2024-06-17,07:25:10,16:49:40,0
1232,Rogelio Wright,2024-06-17,08:41:13,20:34:00,0
1233,Willie Johnson,2024-06-17,08:20:42,22:32:01,0
1234,Matthew Lopez,2024-06-17,06:13:36,12:45:02,0
1235,John Johnson,2024-06-17,10:08:48,00:05:34,0
1236,Rhonda Doyle,2024-06-17,08:51:51,18:35:54,0
1237,Essie Frazier,2024-06-17,09:14:22,13:18:36,0
1238,Mildred Spotts,2024-06-17,08:46:15,17:27:54,0
1239,Diane Hernandez,2024-06-17,00:00:00,00:00:00,1
1240,John Clinch,2024-06-17,09:30:13,17:02:52,0
1241,Henry Pruett,2024-06-17,06:04:30,12:46:40,0
1242,Shawn Peltier,2024-06-17,06:25:09,17:08:45,0
1243,Antonio Richard,2024-06-17,10:29:39,21:30:04,0
1244,Irma Torres,2024-06-17,10:29:32,17:46:17,0
1245,Wm Burkette,2024-06-17,00:00:00,00:00:00,1
1246,Terri Ginsberg,2024-06-17,07:30:11,20:44:13,0
1247,Edward Reph,2024-06-17,08:36:41,16:37:42,0
1248,Susan Anyan,2024-06-17,09:18:32,11:13:28,0
1249,Elizabeth Beier,2024-06-17,10:02:12,18:24:27,0
1250,Constance Zerbe,2024-06-17,10:29:44,21:35:15,0
1251,Judith Rockman,2024-06-17,09:17:13,16:18:14,0
1252,Joshua Springer,2024-06-17,06:42:22,12:36:46,0
1253,Donald Romero,2024-06-17,05:40:48,13:13:26,0
1254,Wayne Pierre,2024-06-17,06:58:27,16:41:13,0
1255,Juan Sweat,2024-06-17,05:47:44,18:04:55,0
1256,Laverne Fleming,2024-06-17,10:10:58,00:05:10,0
1257,Judith Hammons,2024-06-17,06:47:42,18:31:39,0
1258,Richard True,2024-06-17,08:11:27,17:02:53,0
1259,Melissa Hettinger,2024-06-17,10:12:18,23:08:40,0
1260,Joseph Anderson,2024-06-17,06:01:26,13:10:54,0
1261,Andrew Hernandez,2024-06-17,07:46:57,16:25:49,0
1262,Rachelle Berrian,2024-06-17,06:30:04,16:47:54,0
1263,Craig Herrera,2024-06-17,06:40:22,17:26:40,0
1264,Dana Saylor,2024-06-17,09:07:11,17:23:34,0
1265,Jennifer Rowland,2024-06-17,09:10:33,17:26:42,0
1266,John Boyd,2024-06-17,05:31:59,20:16:44,0
1267,Amy Riblett,2024-06-17,07:49:06,12:49:57,0
1268,Melody Farmer,2024-06-17,09:27:28,18:38:28,0
1269,Adam Rodriguez,2024-06-17,07:27:13,19:38:04,0
1270,Scott Brumfield,2024-06-17,09:10:46,18:25:19,0
1271,Margaret Urena,2024-06-17,10:19:54,18:07:33,0
1272,Lewis Garcia,2024-06-17,07:17:30,17:18:26,0
1273,Robert Stinson,2024-06-17,09:02:01,18:37:23,0
1274,Christopher Rowland,2024-06-17,00:00:00,00:00:00,1
1275,Thomas Pritchard,2024-06-17,00:00:00,00:00:00,1
1276,Kirk Stephenson,2024-06-17,06:18:46,21:13:07,0
1277,Ola Meehan,2024-06-17,09:39:33,18:06:47,0
1278,Ty Vanhoutte,2024-06-17,07:25:38,16:25:18,0
1279,Edna Coker,2024-06-17,06:44:37,11:36:17,0
1280,Bob Pope,2024-06-17,07:37:40,18:11:28,0
1281,Mildred Smith,2024-06-17,07:42:26,17:07:32,0
1282,Joseph Danielson,2024-06-17,07:43:19,17:35:15,0
1283,Brian Urban,2024-06-17,08:56:07,18:17:16,0
1284,James Doyle,2024-06-17,09:32:45,13:22:37,0
1285,Christopher Vowell,2024-06-17,09:11:35,16:09:00,0
1286,Kimberly Saylor,2024-06-17,06:08:56,17:19:30,0
1287,Joseph Fritzler,2024-06-17,06:20:49,21:20:46,0
1288,David Rice,2024-06-17,06:42:48,11:06:16,0
1289,Cynthia Leal,2024-06-17,00:00:00,00:00:00,1
1290,Gary Lundy,2024-06-17,08:30:55,21:33:37,0
1291,Bobby Mcconkey,2024-06-17,08:16:55,16:30:53,0
1292,Noble Pfaff,2024-06-17,09:09:45,12:18:15,0
1293,Francis Womac,2024-06-17,06:12:19,18:32:15,0
1294,Michael Emmick,2024-06-17,00:00:00,00:00:00,1
1295,Natasha Mcclure,2024-06-17,10:49:38,18:07:44,0
1296,Kenneth Jameson,2024-06-17,06:46:04,11:32:24,0
1297,Lester Vercher,2024-06-17,06:39:07,16:02:10,0
1298,Alton Pugsley,2024-06-17,07:28:51,17:27:56,0
1299,Alan Langley,2024-06-17,07:16:07,16:19:11,0
1300,James Black,2024-06-17,06:36:51,18:23:17,0
1301,Carolyn Carson,2024-06-18,10:38:23,19:24:02,0
1302,Eric Baney,2024-06-18,06:14:28,18:42:09,0
1303,Vanda Tabor,2024-06-18,00:00:00,00:00:00,1
1304,Homer Smith,2024-06-18,09:09:19,19:35:13,0
1305,Jody Hansell,2024-06-18,06:42:14,00:44:00,0
1306,Jacqueline Cole,2024-06-18,08:24:37,12:15:08,0
1307,Garnet Ireland,2024-06-18,06:50:27,16:28:14,0
1308,Douglas Vara,2024-06-18,07:25:42,17:00:40,0
1309,Robert Hogg,2024-06-18,09:33:32,23:43:42,0
1310,Robert Thomas,2024-06-18,10:43:27,21:09:45,0
1311,Lynda Stevens,2024-06-18,06:33:27,17:21:20,0
1312,Sarah Woody,2024-06-18,07:40:54,16:02:05,0
1313,Jane Balderrama,2024-06-18,07:34:21,12:47:33,0
1314,April Robinson,2024-06-18,07:26:01,19:22:16,0
1315,Ryan Barajas,2024-06-18,08:26:41,00:31:17,0
1316,Wendy Davis,2024-06-18,09:39:40,17:01:52,0
1317,Jeffrey Nemith,2024-06-18,07:39:14,17:30:16,0
1318,Kimberly Couey,2024-06-18,07:46:02,16:20:02,0
1319,Dennis Sykes,2024-06-18,06:24:20,23:17:40,0
1320,Felix Nichols,2024-06-18,00:00:00,00:00:00,1
1321,Michael Robinson,2024-06-18,00:00:00,00:00:00,1
1322,Steven Henderson,2024-06-18,09:31:52,12:30:37,0
1323,Brandon Wright,2024-06-18,06:05:17,21:05:00,0
1324,Charles Diep,2024-06-18,08:31:28,19:08:22,0
1325,Rana Ash,2024-06-18,08:14:24,16:12:00,0
1326,Maudie Green,2024-06-18,00:00:00,00:00:00,1
1327,Annie Tanner,2024-06-18,07:40:10,11:07:18,0
1328,Mark Maldonado,2024-06-18,10:33:09,17:30:34,0
1329,Rowena Briseno,2024-06-18,08:37:37,17:30:15,0
1330,Paul Smith,2024-06-18,07:32:31,18:36:38,0
1331,Rufus Witt,2024-06-18,05:18:42,16:36:14,0
1332,Rogelio Wright,2024-06-18,08:13:39,16:13:40,0
1333,Willie Johnson,2024-06-18,06:18:06,18:10:34,0
1334,Matthew Lopez,2024-06-18,06:00:34,16:00:35,0
1335,John Johnson,2024-06-18,08:47:47,12:15:47,0
1336,Rhonda Doyle,2024-06-18,00:00:00,00:00:00,1
1337,Essie Frazier,2024-06-18,07:03:11,19:15:07,0
1338,Mildred Spotts,2024-06-18,08:01:41,16:42:06,0
1339,Diane Hernandez,2024-06-18,09:32:41,13:45:54,0
1340,John Clinch,2024-06-18,05:34:15,16:32:13,0
1341,Henry Pruett,2024-06-18,05:55:48,20:08:05,0
1342,Shawn Peltier,2024-06-18,06:59:11,16:39:48,0
1343,Antonio Richard,2024-06-18,09:26:45,23:05:01,0
1344,Irma Torres,2024-06-18,00:00:00,00:00:00,1
1345,Wm Burkette,2024-06-18,06:35:46,18:04:31,0
1346,Terri Ginsberg,2024-06-18,00:00:00,00:00:00,1
1347,Edward Reph,2024-06-18,00:00:00,00:00:00,1
1348,Susan Anyan,2024-06-18,09:16:29,13:22:26,0
1349,Elizabeth Beier,2024-06-18,09:10:20,11:30:56,0
1350,Constance Zerbe,2024-06-18,06:54:01,17:31:52,0
1351,Judith Rockman,2024-06-18,00:00:00,00:00:00,1
1352,Joshua Springer,2024-06-18,07:39:09,16:30:21,0
1353,Donald Romero,2024-06-18,10:15:32,12:00:24,0
1354,Wayne Pierre,2024-06-18,09:16:06,18:01:08,0
1355,Juan Sweat,2024-06-18,00:00:00,00:00:00,1
1356,Laverne Fleming,2024-06-18,08:09:52,17:18:51,0
1357,Judith Hammons,2024-06-18,09:40:02,18:10:55,0
1358,Richard True,2024-06-18,08:34:58,18:31:26,0
1359,Melissa Hettinger,2024-06-18,00:00:00,00:00:00,1
1360,Joseph Anderson,2024-06-18,09:32:57,17:22:18,0
1361,Andrew Hernandez,2024-06-18,10:14:22,18:33:19,0
1362,Rachelle Berrian,2024-06-18,09:59:57,16:07:48,0
1363,Craig Herrera,2024-06-18,07:15:41,17:08:34,0
1364,Dana Saylor,2024-06-18,07:11:26,20:20:19,0
1365,Jennifer Rowland,2024-06-18,07:33:04,16:46:12,0
1366,John Boyd,2024-06-18,07:53:33,12:19:09,0
1367,Amy Riblett,2024-06-18,00:00:00,00:00:00,1
1368,Melody Farmer,2024-06-18,05:37:38,17:38:33,0
1369,Adam Rodriguez,2024-06-18,10:32:24,16:42:45,0
1370,Scott Brumfield,2024-06-18,05:14:10,00:03:22,0
1371,Margaret Urena,2024-06-18,08:26:35,16:16:32,0
1372,Lewis Garcia,2024-06-18,00:00:00,00:00:00,1
1373,Robert Stinson,2024-06-18,07:17:34,13:03:41,0
1374,Christopher Rowland,2024-06-18,09:26:59,18:14:18,0
1375,Thomas Pritchard,2024-06-18,06:53:47,17:02:56,0
1376,Kirk Stephenson,2024-06-18,00:00:00,00:00:00,1
1377,Ola Meehan,2024-06-18,09:35:39,12:27:36,0
1378,Ty Vanhoutte,2024-06-18,09:48:08,12:38:47,0
1379,Edna Coker,2024-06-18,05:48:53,18:38:01,0
1380,Bob Pope,2024-06-18,07:29:31,13:15:03,0
1381,Mildred Smith,2024-06-18,10:45:38,13:25:51,0
1382,Joseph Danielson,2024-06-18,00:00:00,00:00:00,1
1383,Brian Urban,2024-06-18,06:04:33,16:31:47,0
1384,James Doyle,2024-06-18,07:30:42,23:10:39,0
1385,Christopher Vowell,2024-06-18,07:45:18,16:08:13,0
1386,Kimberly Saylor,2024-06-18,08:10:45,20:21:12,0
1387,Joseph Fritzler,2024-06-18,09:00:19,11:34:53,0
1388,David Rice,2024-06-18,05:48:20,18:10:38,0
1389,Cynthia Leal,2024-06-18,06:16:10,18:16:43,0
1390,Gary Lundy,2024-06-18,07:23:02,16:42:52,0
1391,Bobby Mcconkey,2024-06-18,08:54:55,16:23:55,0
1392,Noble Pfaff,2024-06-18,06:19:57,21:40:55,0
1393,Francis Womac,2024-06-18,07:21:53,18:06:35,0
1394,Michael Emmick,2024-06-18,09:48:32,13:27:36,0
1395,Natasha Mcclure,2024-06-18,08:21:50,20:03:36,0
1396,Kenneth Jameson,2024-06-18,00:00:00,00:00:00,1
1397,Lester Vercher,2024-06-18,07:40:38,11:35:07,0
1398,Alton Pugsley,2024-06-18,09:44:48,19:45:44,0
1399,Alan Langley,2024-06-18,05:32:55,20:19:46,0
1400,James Black,2024-06-18,00:00:00,00:00:00,1
1401,Carolyn Carson,2024-06-19,07:43:41,00:00:04,0
1402,Eric Baney,2024-06-19,09:01:48,18:38:50,0
1403,Vanda Tabor,2024-06-19,09:09:58,21:34:51,0
1404,Homer Smith,2024-06-19,06:17:48,21:27:00,0
1405,Jody Hansell,2024-06-19,06:34:07,16:05:27,0
1406,Jacqueline Cole,2024-06-19,07:18:43,16:33:29,0
1407,Garnet Ireland,2024-06-19,00:00:00,00:00:00,1
1408,Douglas Vara,2024-06-19,00:00:00,00:00:00,1
1409,Robert Hogg,2024-06-19,09:48:18,17:23:17,0
1410,Robert Thomas,2024-06-19,09:33:43,20:28:28,0
1411,Lynda Stevens,2024-06-19,07:56:06,17:26:23,0
1412,Sarah Woody,2024-06-19,07:07:02,11:02:33,0
1413,Jane Balderrama,2024-06-19,07:33:14,22:21:46,0
1414,April Robinson,2024-06-19,05:52:51,22:27:46,0
1415,Ryan Barajas,2024-06-19,00:00:00,00:00:00,1
1416,Wendy Davis,2024-06-19,07:44:26,18:44:21,0
1417,Jeffrey Nemith,2024-06-19,08:54:56,16:50:24,0
1418,Kimberly Couey,2024-06-19,08:11:55,16:10:21,0
1419,Dennis Sykes,2024-06-19,09:39:59,00:47:35,0
1420,Felix Nichols,2024-06-19,07:35:44,18:45:29,0
1421,Michael Robinson,2024-06-19,09:38:52,17:48:52,0
1422,Steven Henderson,2024-06-19,08:07:13,16:43:34,0
1423,Brandon Wright,2024-06-19,10:08:26,16:49:01,0
1424,Charles Diep,2024-06-19,06:32:55,22:38:49,0
1425,Rana Ash,2024-06-19,09:38:19,16:12:50,0
1426,Maudie Green,2024-06-19,08:36:12,12:01:43,0
1427,Annie Tanner,2024-06-19,10:14:45,17:32:49,0
1428,Mark Maldonado,2024-06-19,05:46:20,18:17:24,0
1429,Rowena Briseno,2024-06-19,09:39:50,18:41:50,0
1430,Paul Smith,2024-06-19,10:27:55,18:16:22,0
1431,Rufus Witt,2024-06-19,06:10:24,17:44:39,0
1432,Rogelio Wright,2024-06-19,09:57:20,17:39:06,0
1433,Willie Johnson,2024-06-19,09:26:24,13:14:38,0
1434,Matthew Lopez,2024-06-19,10:11:07,21:02:45,0
1435,John Johnson,2024-06-19,09:45:42,18:26:04,0
1436,Rhonda Doyle,2024-06-19,06:53:42,00:31:07,0
1437,Essie Frazier,2024-06-19,08:40:53,16:23:26,0
1438,Mildred Spotts,2024-06-19,08:04:07,18:14:04,0
1439,Diane Hernandez,2024-06-19,07:02:21,13:35:28,0
1440,John Clinch,2024-06-19,07:46:03,13:01:13,0
1441,Henry Pruett,2024-06-19,07:24:13,00:35:00,0
1442,Shawn Peltier,2024-06-19,09:40:53,16:50:12,0
1443,Antonio Richard,2024-06-19,07:48:06,16:22:50,0
1444,Irma Torres,2024-06-19,05:29:35,19:47:07,0
1445,Wm Burkette,2024-06-19,00:00:00,00:00:00,1
1446,Terri Ginsberg,2024-06-19,05:25:43,22:43:00,0
1447,Edward Reph,2024-06-19,10:15:29,18:26:48,0
1448,Susan Anyan,2024-06-19,07:09:31,18:13:53,0
1449,Elizabeth Beier,2024-06-19,07:43:42,13:24:08,0
1450,Constance Zerbe,2024-06-19,00:00:00,00:00:00,1
1451,Judith Rockman,2024-06-19,05:25:27,17:35:32,0
1452,Joshua Springer,2024-06-19,05:27:24,13:12:31,0
1453,Donald Romero,2024-06-19,00:00:00,00:00:00,1
1454,Wayne Pierre,2024-06-19,08:24:25,13:46:43,0
1455,Juan Sweat,2024-06-19,07:38:51,18:43:55,0
1456,Laverne Fleming,2024-06-19,09:26:05,18:37:42,0
1457,Judith Hammons,2024-06-19,08:25:39,23:33:12,0
1458,Richard True,2024-06-19,07:23:46,17:40:47,0
1459,Melissa Hettinger,2024-06-19,06:18:48,00:37:34,0
1460,Joseph Anderson,2024-06-19,08:23:35,17:23:55,0
1461,Andrew Hernandez,2024-06-19,09:11:54,18:03:01,0
1462,Rachelle Berrian,2024-06-19,06:39:20,00:09:49,0
1463,Craig Herrera,2024-06-19,09:24:51,18:43:28,0
1464,Dana Saylor,2024-06-19,07:11:04,19:20:08,0
1465,Jennifer Rowland,2024-06-19,09:04:57,18:18:14,0
1466,John Boyd,2024-06-19,09:29:54,12:13:30,0
1467,Amy Riblett,2024-06-19,07:22:34,16:15:11,0
1468,Melody Farmer,2024-06-19,00:00:00,00:00:00,1
1469,Adam Rodriguez,2024-06-19,07:14:19,18:30:04,0
1470,Scott Brumfield,2024-06-19,06:02:40,18:18:44,0
1471,Margaret Urena,2024-06-19,06:51:07,17:30:35,0
1472,Lewis Garcia,2024-06-19,10:50:48,18:28:30,0
1473,Robert Stinson,2024-06-19,06:13:51,13:27:04,0
1474,Christopher Rowland,2024-06-19,00:00:00,00:00:00,1
1475,Thomas Pritchard,2024-06-19,10:12:38,16:20:33,0
1476,Kirk Stephenson,2024-06-19,06:58:02,18:35:04,0
1477,Ola Meehan,2024-06-19,08:22:16,22:36:39,0
1478,Ty Vanhoutte,2024-06-19,09:43:40,16:00:43,0
1479,Edna Coker,2024-06-19,07:14:50,17:40:10,0
1480,Bob Pope,2024-06-19,05:22:18,18:38:44,0
1481,Mildred Smith,2024-06-19,06:13:37,19:36:17,0
1482,Joseph Danielson,2024-06-19,10:17:06,17:16:34,0
1483,Brian Urban,2024-06-19,08:20:39,16:05:05,0
1484,James Doyle,2024-06-19,09:36:24,18:40:14,0
1485,Christopher Vowell,2024-06-19,07:37:43,18:24:27,0
1486,Kimberly Saylor,2024-06-19,08:40:29,18:37:34,0
1487,Joseph Fritzler,2024-06-19,08:35:39,16:32:27,0
1488,David Rice,2024-06-19,00:00:00,00:00:00,1
1489,Cynthia Leal,2024-06-19,05:21:52,18:46:18,0
1490,Gary Lundy,2024-06-19,07:15:35,13:38:09,0
1491,Bobby Mcconkey,2024-06-19,05:17:45,16:05:44,0
1492,Noble Pfaff,2024-06-19,07:14:46,18:07:51,0
1493,Francis Womac,2024-06-19,05:59:08,12:40:02,0
1494,Michael Emmick,2024-06-19,09:37:37,18:12:17,0
1495,Natasha Mcclure,2024-06-19,06:55:32,18:43:07,0
1496,Kenneth Jameson,2024-06-19,00:00:00,00:00:00,1
1497,Lester Vercher,2024-06-19,06:22:19,00:38:57,0
1498,Alton Pugsley,2024-06-19,09:47:16,18:07:42,0
1499,Alan Langley,2024-06-19,09:41:46,16:30:47,0
1500,James Black,2024-06-19,06:30:38,11:38:29,0
1501,Carolyn Carson,2024-06-20,09:25:54,18:24:38,0
1502,Eric Baney,2024-06-20,06:40:23,23:50:46,0
1503,Vanda Tabor,2024-06-20,00:00:00,00:00:00,1
1504,Homer Smith,2024-06-20,00:00:00,00:00:00,1
1505,Jody Hansell,2024-06-20,10:12:17,11:21:18,0
1506,Jacqueline Cole,2024-06-20,08:45:27,16:16:01,0
1507,Garnet Ireland,2024-06-20,09:28:43,18:23:33,0
1508,Douglas Vara,2024-06-20,06:47:35,16:00:51,0
1509,Robert Hogg,2024-06-20,08:44:48,21:39:31,0
1510,Robert Thomas,2024-06-20,06:15:12,16:44:50,0
1511,Lynda Stevens,2024-06-20,07:41:13,18:38:22,0
1512,Sarah Woody,2024-06-20,05:33:11,13:25:30,0
1513,Jane Balderrama,2024-06-20,07:27:55,22:39:23,0
1514,April Robinson,2024-06-20,08:27:10,18:14:53,0
1515,Ryan Barajas,2024-06-20,05:34:09,20:36:01,0
1516,Wendy Davis,2024-06-20,06:10:54,17:09:24,0
1517,Jeffrey Nemith,2024-06-20,09:14:54,13:31:47,0
1518,Kimberly Couey,2024-06-20,07:20:06,16:00:57,0
1519,Dennis Sykes,2024-06-20,09:10:30,18:38:51,0
1520,Felix Nichols,2024-06-20,08:07:06,13:18:17,0
1521,Michael Robinson,2024-06-20,07:47:34,12:32:46,0
1522,Steven Henderson,2024-06-20,07:42:03,20:44:49,0
1523,Brandon Wright,2024-06-20,10:13:27,16:28:11,0
1524,Charles Diep,2024-06-20,05:11:44,16:47:37,0
1525,Rana Ash,2024-06-20,08:18:50,22:34:53,0
1526,Maudie Green,2024-06-20,07:42:15,18:03:35,0
1527,Annie Tanner,2024-06-20,05:36:35,17:28:16,0
1528,Mark Maldonado,2024-06-20,07:40:13,18:12:10,0
1529,Rowena Briseno,2024-06-20,07:32:57,17:05:43,0
1530,Paul Smith,2024-06-20,09:31:49,18:29:14,0
1531,Rufus Witt,2024-06-20,05:14:42,11:16:11,0
1532,Rogelio Wright,2024-06-20,06:41:43,20:25:42,0
1533,Willie Johnson,2024-06-20,07:46:55,18:01:38,0
1534,Matthew Lopez,2024-06-20,06:59:38,18:10:33,0
1535,John Johnson,2024-06-20,00:00:00,00:00:00,1
1536,Rhonda Doyle,2024-06-20,07:29:55,12:01:05,0
1537,Essie Frazier,2024-06-20,07:02:41,17:10:47,0
1538,Mildred Spotts,2024-06-20,10:06:22,20:02:20,0
1539,Diane Hernandez,2024-06-20,07:24:25,12:31:17,0
1540,John Clinch,2024-06-20,00:00:00,00:00:00,1
1541,Henry Pruett,2024-06-20,00:00:00,00:00:00,1
1542,Shawn Peltier,2024-06-20,09:04:53,16:06:17,0
1543,Antonio Richard,2024-06-20,05:24:56,18:05:02,0
1544,Irma Torres,2024-06-20,07:44:33,23:31:30,0
1545,Wm Burkette,2024-06-20,08:32:18,18:04:30,0
1546,Terri Ginsberg,2024-06-20,09:17:23,18:23:43,0
1547,Edward Reph,2024-06-20,00:00:00,00:00:00,1
1548,Susan Anyan,2024-06-20,08:38:41,18:34:33,0
1549,Elizabeth Beier,2024-06-20,05:52:40,13:16:49,0
1550,Constance Zerbe,2024-06-20,09:28:20,16:13:20,0
1551,Judith Rockman,2024-06-20,08:42:48,17:26:33,0
1552,Joshua Springer,2024-06-20,00:00:00,00:00:00,1
1553,Donald Romero,2024-06-20,07:17:07,17:32:24,0
1554,Wayne Pierre,2024-06-20,08:39:15,16:03:14,0
1555,Juan Sweat,2024-06-20,05:39:39,16:48:46,0
1556,Laverne Fleming,2024-06-20,05:27:32,21:39:41,0
1557,Judith Hammons,2024-06-20,08:08:58,17:42:04,0
1558,Richard True,2024-06-20,10:20:45,20:06:27,0
1559,Melissa Hettinger,2024-06-20,09:38:26,18:50:18,0
1560,Joseph Anderson,2024-06-20,10:04:22,17:47:29,0
1561,Andrew Hernandez,2024-06-20,10:47:58,17:29:30,0
1562,Rachelle Berrian,2024-06-20,07:05:57,17:12:37,0
1563,Craig Herrera,2024-06-20,07:11:08,12:25:36,0
1564,Dana Saylor,2024-06-20,06:12:16,18:44:08,0
1565,Jennifer Rowland,2024-06-20,06:09:42,13:17:35,0
1566,John Boyd,2024-06-20,09:18:20,18:08:24,0
1567,Amy Riblett,2024-06-20,07:47:11,17:16:50,0
1568,Melody Farmer,2024-06-20,00:00:00,00:00:00,1
1569,Adam Rodriguez,2024-06-20,10:04:49,18:37:23,0
1570,Scott Brumfield,2024-06-20,10:38:25,18:09:15,0
1571,Margaret Urena,2024-06-20,06:32:22,19:42:09,0
1572,Lewis Garcia,2024-06-20,06:11:17,16:43:50,0
1573,Robert Stinson,2024-06-20,10:18:54,17:15:31,0
1574,Christopher Rowland,2024-06-20,06:09:36,17:11:08,0
1575,Thomas Pritchard,2024-06-20,06:28:23,16:18:53,0
1576,Kirk Stephenson,2024-06-20,07:09:52,17:30:20,0
1577,Ola Meehan,2024-06-20,00:00:00,00:00:00,1
1578,Ty Vanhoutte,2024-06-20,09:34:38,17:13:52,0
1579,Edna Coker,2024-06-20,08:57:47,17:37:54,0
1580,Bob Pope,2024-06-20,05:47:40,17:08:13,0
1581,Mildred Smith,2024-06-20,06:23:21,20:36:25,0
1582,Joseph Danielson,2024-06-20,06:16:35,17:41:03,0
1583,Brian Urban,2024-06-20,09:21:45,18:30:37,0
1584,James Doyle,2024-06-20,07:36:14,17:39:46,0
1585,Christopher Vowell,2024-06-20,00:00:00,00:00:00,1
1586,Kimberly Saylor,2024-06-20,09:42:19,11:49:20,0
1587,Joseph Fritzler,2024-06-20,09:05:42,17:04:27,0
1588,David Rice,2024-06-20,08:19:50,17:10:02,0
1589,Cynthia Leal,2024-06-20,06:46:39,17:23:48,0
1590,Gary Lundy,2024-06-20,08:37:10,16:41:11,0
1591,Bobby Mcconkey,2024-06-20,07:39:23,16:16:03,0
1592,Noble Pfaff,2024-06-20,08:36:42,11:20:28,0
1593,Francis Womac,2024-06-20,08:49:27,20:02:03,0
1594,Michael Emmick,2024-06-20,09:07:19,11:48:57,0
1595,Natasha Mcclure,2024-06-20,10:42:11,23:33:56,0
1596,Kenneth Jameson,2024-06-20,09:35:06,16:28:08,0
1597,Lester Vercher,2024-06-20,07:59:11,18:46:00,0
1598,Alton Pugsley,2024-06-20,09:22:57,18:11:28,0
1599,Alan Langley,2024-06-20,09:30:16,18:06:36,0
1600,James Black,2024-06-20,06:26:23,12:00:05,0
1601,Carolyn Carson,2024-06-21,07:11:19,19:42:51,0
1602,Eric Baney,2024-06-21,10:10:21,11:07:56,0
1603,Vanda Tabor,2024-06-21,07:08:54,13:42:06,0
1604,Homer Smith,2024-06-21,07:06:34,21:21:48,0
1605,Jody Hansell,2024-06-21,00:00:00,00:00:00,1
1606,Jacqueline Cole,2024-06-21,00:00:00,00:00:00,1
1607,Garnet Ireland,2024-06-21,06:34:13,18:11:26,0
1608,Douglas Vara,2024-06-21,09:35:15,21:37:16,0
1609,Robert Hogg,2024-06-21,09:45:38,17:11:16,0
1610,Robert Thomas,2024-06-21,07:37:26,17:41:52,0
1611,Lynda Stevens,2024-06-21,00:00:00,00:00:00,1
1612,Sarah Woody,2024-06-21,09:05:43,16:46:33,0
1613,Jane Balderrama,2024-06-21,09:37:36,20:18:46,0
1614,April Robinson,2024-06-21,09:23:41,00:46:28,0
1615,Ryan Barajas,2024-06-21,09:02:39,23:09:22,0
1616,Wendy Davis,2024-06-21,05:54:57,17:05:00,0
1617,Jeffrey Nemith,2024-06-21,09:30:56,13:28:54,0
1618,Kimberly Couey,2024-06-21,10:47:35,18:38:54,0
1619,Dennis Sykes,2024-06-21,05:52:57,17:10:57,0
1620,Felix Nichols,2024-06-21,08:23:57,17:33:30,0
1621,Michael Robinson,2024-06-21,00:00:00,00:00:00,1
1622,Steven Henderson,2024-06-21,07:20:21,16:14:46,0
1623,Brandon Wright,2024-06-21,07:20:17,16:01:39,0
1624,Charles Diep,2024-06-21,06:39:11,16:15:31,0
1625,Rana Ash,2024-06-21,09:36:30,21:31:35,0
1626,Maudie Green,2024-06-21,05:12:13,12:23:24,0
1627,Annie Tanner,2024-06-21,06:01:21,16:12:07,0
1628,Mark Maldonado,2024-06-21,08:58:14,12:27:14,0
1629,Rowena Briseno,2024-06-21,10:09:45,16:33:36,0
1630,Paul Smith,2024-06-21,06:31:17,17:07:04,0
1631,Rufus Witt,2024-06-21,06:18:07,22:48:11,0
1632,Rogelio Wright,2024-06-21,06:43:03,23:43:56,0
1633,Willie Johnson,2024-06-21,09:32:24,16:05:43,0
1634,Matthew Lopez,2024-06-21,06:18:11,11:18:39,0
1635,John Johnson,2024-06-21,00:00:00,00:00:00,1
1636,Rhonda Doyle,2024-06-21,08:34:59,12:38:13,0
1637,Essie Frazier,2024-06-21,08:11:19,11:41:42,0
1638,Mildred Spotts,2024-06-21,09:59:55,18:15:01,0
1639,Diane Hernandez,2024-06-21,00:00:00,00:00:00,1
1640,John Clinch,2024-06-21,07:49:07,20:01:06,0
1641,Henry Pruett,2024-06-21,07:41:08,16:49:15,0
1642,Shawn Peltier,2024-06-21,08:26:16,17:08:51,0
1643,Antonio Richard,2024-06-21,09:19:22,17:17:03,0
1644,Irma Torres,2024-06-21,09:08:40,16:08:43,0
1645,Wm Burkette,2024-06-21,00:00:00,00:00:00,1
1646,Terri Ginsberg,2024-06-21,09:49:30,00:33:52,0
1647,Edward Reph,2024-06-21,07:57:05,18:34:06,0
1648,Susan Anyan,2024-06-21,00:00:00,00:00:00,1
1649,Elizabeth Beier,2024-06-21,10:09:49,19:24:07,0
1650,Constance Zerbe,2024-06-21,05:36:37,12:24:07,0
1651,Judith Rockman,2024-06-21,09:40:36,16:08:22,0
1652,Joshua Springer,2024-06-21,09:04:09,18:49:17,0
1653,Donald Romero,2024-06-21,09:39:00,17:20:35,0
1654,Wayne Pierre,2024-06-21,06:35:34,18:31:13,0
1655,Juan Sweat,2024-06-21,10:07:32,22:20:12,0
1656,Laverne Fleming,2024-06-21,00:00:00,00:00:00,1
1657,Judith Hammons,2024-06-21,06:45:25,16:46:37,0
1658,Richard True,2024-06-21,06:41:16,17:42:09,0
1659,Melissa Hettinger,2024-06-21,07:45:31,16:45:50,0
1660,Joseph Anderson,2024-06-21,05:58:44,17:44:28,0
1661,Andrew Hernandez,2024-06-21,09:33:07,16:36:25,0
1662,Rachelle Berrian,2024-06-21,08:10:19,11:47:11,0
1663,Craig Herrera,2024-06-21,05:29:03,23:03:55,0
1664,Dana Saylor,2024-06-21,10:05:13,17:17:55,0
1665,Jennifer Rowland,2024-06-21,07:55:25,18:19:54,0
1666,John Boyd,2024-06-21,06:20:37,17:42:56,0
1667,Amy Riblett,2024-06-21,08:30:08,21:12:46,0
1668,Melody Farmer,2024-06-21,08:39:55,17:29:33,0
1669,Adam Rodriguez,2024-06-21,09:25:35,19:16:26,0
1670,Scott Brumfield,2024-06-21,05:20:15,17:18:41,0
1671,Margaret Urena,2024-06-21,06:57:59,19:11:56,0
1672,Lewis Garcia,2024-06-21,10:18:12,18:10:19,0
1673,Robert Stinson,2024-06-21,09:01:59,17:01:09,0
1674,Christopher Rowland,2024-06-21,08:11:55,19:32:42,0
1675,Thomas Pritchard,2024-06-21,07:47:10,12:49:25,0
1676,Kirk Stephenson,2024-06-21,06:02:45,13:18:14,0
1677,Ola Meehan,2024-06-21,08:03:47,12:14:21,0
1678,Ty Vanhoutte,2024-06-21,07:20:13,17:38:08,0
1679,Edna Coker,2024-06-21,08:44:33,18:22:56,0
1680,Bob Pope,2024-06-21,08:34:47,23:47:51,0
1681,Mildred Smith,2024-06-21,08:34:15,18:13:46,0
1682,Joseph Danielson,2024-06-21,08:16:01,13:36:21,0
1683,Brian Urban,2024-06-21,06:18:44,16:06:02,0
1684,James Doyle,2024-06-21,06:28:10,17:46:10,0
1685,Christopher Vowell,2024-06-21,06:32:20,18:07:36,0
1686,Kimberly Saylor,2024-06-21,07:12:16,18:27:24,0
1687,Joseph Fritzler,2024-06-21,08:50:31,16:19:32,0
1688,David Rice,2024-06-21,09:35:53,18:14:47,0
1689,Cynthia Leal,2024-06-21,08:25:44,19:08:37,0
1690,Gary Lundy,2024-06-21,07:14:13,19:34:31,0
1691,Bobby Mcconkey,2024-06-21,07:14:43,11:39:02,0
1692,Noble Pfaff,2024-06-21,06:51:08,11:23:24,0
1693,Francis Womac,2024-06-21,05:50:49,16:35:25,0
1694,Michael Emmick,2024-06-21,08:06:42,16:44:32,0
1695,Natasha Mcclure,2024-06-21,00:00:00,00:00:00,1
1696,Kenneth Jameson,2024-06-21,06:47:56,18:03:52,0
1697,Lester Vercher,2024-06-21,10:37:50,23:41:06,0
1698,Alton Pugsley,2024-06-21,05:40:10,23:39:02,0
1699,Alan Langley,2024-06-21,09:33:50,17:39:41,0
1700,James Black,2024-06-21,07:13:40,00:41:14,0
1701,Carolyn Carson,2024-06-22,07:35:46,16:32:05,0
1702,Eric Baney,2024-06-22,05:47:48,21:23:26,0
1703,Vanda Tabor,2024-06-22,09:28:38,20:46:39,0
1704,Homer Smith,2024-06-22,05:56:29,18:13:08,0
1705,Jody Hansell,2024-06-22,08:33:14,18:43:07,0
1706,Jacqueline Cole,2024-06-22,07:30:17,16:08:32,0
1707,Garnet Ireland,2024-06-22,10:49:45,11:01:03,0
1708,Douglas Vara,2024-06-22,07:07:40,17:21:53,0
1709,Robert Hogg,2024-06-22,07:27:06,17:49:47,0
1710,Robert Thomas,2024-06-22,10:41:04,16:31:29,0
1711,Lynda Stevens,2024-06-22,09:32:34,17:43:20,0
1712,Sarah Woody,2024-06-22,08:00:03,22:44:25,0
1713,Jane Balderrama,2024-06-22,07:44:51,21:48:04,0
1714,April Robinson,2024-06-22,05:23:37,17:16:25,0
1715,Ryan Barajas,2024-06-22,08:28:11,18:04:22,0
1716,Wendy Davis,2024-06-22,10:40:10,22:33:57,0
1717,Jeffrey Nemith,2024-06-22,08:55:26,21:34:18,0
1718,Kimberly Couey,2024-06-22,07:13:02,21:14:50,0
1719,Dennis Sykes,2024-06-22,00:00:00,00:00:00,1
1720,Felix Nichols,2024-06-22,09:43:43,19:32:03,0
1721,Michael Robinson,2024-06-22,05:42:58,17:00:13,0
1722,Steven Henderson,2024-06-22,08:42:26,12:01:22,0
1723,Brandon Wright,2024-06-22,08:05:22,17:14:04,0
1724,Charles Diep,2024-06-22,10:17:15,18:17:55,0
1725,Rana Ash,2024-06-22,06:39:22,17:17:22,0
1726,Maudie Green,2024-06-22,06:18:44,18:01:24,0
1727,Annie Tanner,2024-06-22,10:39:32,00:11:57,0
1728,Mark Maldonado,2024-06-22,00:00:00,00:00:00,1
1729,Rowena Briseno,2024-06-22,08:12:10,18:22:04,0
1730,Paul Smith,2024-06-22,05:43:42,17:39:52,0
1731,Rufus Witt,2024-06-22,05:46:25,17:15:29,0
1732,Rogelio Wright,2024-06-22,00:00:00,00:00:00,1
1733,Willie Johnson,2024-06-22,07:29:41,18:49:45,0
1734,Matthew Lopez,2024-06-22,00:00:00,00:00:00,1
1735,John Johnson,2024-06-22,00:00:00,00:00:00,1
1736,Rhonda Doyle,2024-06-22,05:42:13,16:10:10,0
1737,Essie Frazier,2024-06-22,08:13:23,18:19:16,0
1738,Mildred Spotts,2024-06-22,00:00:00,00:00:00,1
1739,Diane Hernandez,2024-06-22,00:00:00,00:00:00,1
1740,John Clinch,2024-06-22,08:46:07,23:19:44,0
1741,Henry Pruett,2024-06-22,10:28:53,18:18:06,0
1742,Shawn Peltier,2024-06-22,09:17:58,17:36:51,0
1743,Antonio Richard,2024-06-22,07:09:19,17:34:12,0
1744,Irma Torres,2024-06-22,08:00:44,16:03:39,0
1745,Wm Burkette,2024-06-22,06:42:03,18:45:07,0
1746,Terri Ginsberg,2024-06-22,05:45:29,11:21:55,0
1747,Edward Reph,2024-06-22,07:12:15,20:33:08,0
1748,Susan Anyan,2024-06-22,09:14:40,18:04:45,0
1749,Elizabeth Beier,2024-06-22,08:15:07,18:16:23,0
1750,Constance Zerbe,2024-06-22,08:32:22,00:49:20,0
1751,Judith Rockman,2024-06-22,10:11:52,17:41:13,0
1752,Joshua Springer,2024-06-22,09:07:08,23:29:51,0
1753,Donald Romero,2024-06-22,08:30:19,19:17:32,0
1754,Wayne Pierre,2024-06-22,00:00:00,00:00:00,1
1755,Juan Sweat,2024-06-22,07:11:28,21:00:03,0
1756,Laverne Fleming,2024-06-22,10:19:08,18:32:42,0
1757,Judith Hammons,2024-06-22,05:29:26,13:37:01,0
1758,Richard True,2024-06-22,06:34:05,13:23:15,0
1759,Melissa Hettinger,2024-06-22,08:35:59,18:36:37,0
1760,Joseph Anderson,2024-06-22,10:18:14,17:39:19,0
1761,Andrew Hernandez,2024-06-22,07:12:07,18:37:32,0
1762,Rachelle Berrian,2024-06-22,05:14:32,23:44:42,0
1763,Craig Herrera,2024-06-22,05:36:38,11:29:41,0
1764,Dana Saylor,2024-06-22,07:26:44,00:14:25,0
1765,Jennifer Rowland,2024-06-22,05:41:47,18:17:05,0
1766,John Boyd,2024-06-22,08:24:23,17:47:35,0
1767,Amy Riblett,2024-06-22,06:08:17,18:01:42,0
1768,Melody Farmer,2024-06-22,08:02:14,16:38:46,0
1769,Adam Rodriguez,2024-06-22,07:38:03,18:28:53,0
1770,Scott Brumfield,2024-06-22,09:32:32,20:27:10,0
1771,Margaret Urena,2024-06-22,00:00:00,00:00:00,1
1772,Lewis Garcia,2024-06-22,06:11:29,12:49:07,0
1773,Robert Stinson,2024-06-22,06:22:42,17:45:25,0
1774,Christopher Rowland,2024-06-22,08:57:39,16:46:39,0
1775,Thomas Pritchard,2024-06-22,00:00:00,00:00:00,1
1776,Kirk Stephenson,2024-06-22,09:39:11,16:09:22,0
1777,Ola Meehan,2024-06-22,07:49:05,13:44:09,0
1778,Ty Vanhoutte,2024-06-22,09:48:32,16:25:03,0
1779,Edna Coker,2024-06-22,00:00:00,00:00:00,1
1780,Bob Pope,2024-06-22,06:24:25,18:45:39,0
1781,Mildred Smith,2024-06-22,00:00:00,00:00:00,1
1782,Joseph Danielson,2024-06-22,00:00:00,00:00:00,1
1783,Brian Urban,2024-06-22,07:35:33,17:19:10,0
1784,James Doyle,2024-06-22,06:48:12,11:13:40,0
1785,Christopher Vowell,2024-06-22,07:53:30,22:42:21,0
1786,Kimberly Saylor,2024-06-22,09:36:48,19:23:29,0
1787,Joseph Fritzler,2024-06-22,10:45:46,19:43:05,0
1788,David Rice,2024-06-22,07:50:43,17:28:43,0
1789,Cynthia Leal,2024-06-22,09:48:32,18:35:07,0
1790,Gary Lundy,2024-06-22,00:00:00,00:00:00,1
1791,Bobby Mcconkey,2024-06-22,06:33:58,17:13:15,0
1792,Noble Pfaff,2024-06-22,08:48:35,13:34:43,0
1793,Francis Womac,2024-06-22,09:58:59,18:36:48,0
1794,Michael Emmick,2024-06-22,06:28:55,16:04:12,0
1795,Natasha Mcclure,2024-06-22,09:42:25,19:14:03,0
1796,Kenneth Jameson,2024-06-22,07:25:21,16:31:07,0
1797,Lester Vercher,2024-06-22,10:20:32,20:21:17,0
1798,Alton Pugsley,2024-06-22,05:43:44,11:09:39,0
1799,Alan Langley,2024-06-22,06:09:39,18:48:14,0
1800,James Black,2024-06-22,09:25:30,18:16:37,0
1801,Carolyn Carson,2024-06-23,06:23:39,21:04:55,0
1802,Eric Baney,2024-06-23,00:00:00,00:00:00,1
1803,Vanda Tabor,2024-06-23,05:50:58,18:06:11,0
1804,Homer Smith,2024-06-23,08:19:20,17:21:32,0
1805,Jody Hansell,2024-06-23,08:45:49,16:34:27,0
1806,Jacqueline Cole,2024-06-23,08:19:27,20:40:06,0
1807,Garnet Ireland,2024-06-23,07:28:33,16:10:06,0
1808,Douglas Vara,2024-06-23,00:00:00,00:00:00,1
1809,Robert Hogg,2024-06-23,06:45:56,11:03:56,0
1810,Robert Thomas,2024-06-23,09:12:24,16:47:34,0
1811,Lynda Stevens,2024-06-23,08:35:37,16:36:14,0
1812,Sarah Woody,2024-06-23,07:27:24,18:14:22,0
1813,Jane Balderrama,2024-06-23,09:16:29,19:32:42,0
1814,April Robinson,2024-06-23,07:49:40,21:08:28,0
1815,Ryan Barajas,2024-06-23,07:34:48,18:50:40,0
1816,Wendy Davis,2024-06-23,07:11:10,22:04:37,0
1817,Jeffrey Nemith,2024-06-23,08:39:09,22:14:09,0
1818,Kimberly Couey,2024-06-23,05:29:04,18:26:35,0
1819,Dennis Sykes,2024-06-23,07:26:11,17:19:35,0
1820,Felix Nichols,2024-06-23,08:45:24,17:16:50,0
1821,Michael Robinson,2024-06-23,06:39:28,17:08:00,0
1822,Steven Henderson,2024-06-23,05:44:32,17:45:45,0
1823,Brandon Wright,2024-06-23,08:46:33,16:18:38,0
1824,Charles Diep,2024-06-23,07:30:50,16:35:49,0
1825,Rana Ash,2024-06-23,05:35:47,20:42:34,0
1826,Maudie Green,2024-06-23,07:46:36,19:21:15,0
1827,Annie Tanner,2024-06-23,06:49:40,16:00:51,0
1828,Mark Maldonado,2024-06-23,10:07:06,18:06:14,0
1829,Rowena Briseno,2024-06-23,10:37:31,17:45:34,0
1830,Paul Smith,2024-06-23,05:51:04,18:14:40,0
1831,Rufus Witt,2024-06-23,05:56:39,16:03:54,0
1832,Rogelio Wright,2024-06-23,06:16:02,00:19:47,0
1833,Willie Johnson,2024-06-23,07:31:44,00:07:46,0
1834,Matthew Lopez,2024-06-23,07:50:13,20:26:06,0
1835,John Johnson,2024-06-23,07:28:19,18:00:08,0
1836,Rhonda Doyle,2024-06-23,08:38:48,16:46:46,0
1837,Essie Frazier,2024-06-23,09:58:58,18:35:26,0
1838,Mildred Spotts,2024-06-23,09:53:17,16:45:57,0
1839,Diane Hernandez,2024-06-23,07:28:20,19:44:26,0
1840,John Clinch,2024-06-23,06:42:34,17:01:50,0
1841,Henry Pruett,2024-06-23,07:02:42,22:23:11,0
1842,Shawn Peltier,2024-06-23,07:27:00,23:10:55,0
1843,Antonio Richard,2024-06-23,09:52:40,18:06:17,0
1844,Irma Torres,2024-06-23,07:51:36,18:04:21,0
1845,Wm Burkette,2024-06-23,05:54:35,18:33:08,0
1846,Terri Ginsberg,2024-06-23,10:35:22,18:10:54,0
1847,Edward Reph,2024-06-23,09:39:36,18:00:32,0
1848,Susan Anyan,2024-06-23,05:23:15,21:26:37,0
1849,Elizabeth Beier,2024-06-23,10:13:34,16:41:51,0
1850,Constance Zerbe,2024-06-23,09:11:43,22:28:42,0
1851,Judith Rockman,2024-06-23,10:40:07,22:32:26,0
1852,Joshua Springer,2024-06-23,09:21:26,16:40:26,0
1853,Donald Romero,2024-06-23,08:13:05,11:13:30,0
1854,Wayne Pierre,2024-06-23,06:19:14,16:39:27,0
1855,Juan Sweat,2024-06-23,07:16:09,18:25:44,0
1856,Laverne Fleming,2024-06-23,06:11:19,16:10:39,0
1857,Judith Hammons,2024-06-23,00:00:00,00:00:00,1
1858,Richard True,2024-06-23,07:30:41,19:34:03,0
1859,Melissa Hettinger,2024-06-23,07:24:40,21:50:25,0
1860,Joseph Anderson,2024-06-23,10:04:14,17:47:33,0
1861,Andrew Hernandez,2024-06-23,06:48:55,13:14:27,0
1862,Rachelle Berrian,2024-06-23,06:13:05,18:06:07,0
1863,Craig Herrera,2024-06-23,10:47:20,12:10:36,0
1864,Dana Saylor,2024-06-23,07:23:39,17:07:16,0
1865,Jennifer Rowland,2024-06-23,08:40:25,12:42:01,0
1866,John Boyd,2024-06-23,08:50:23,16:11:10,0
1867,Amy Riblett,2024-06-23,07:31:39,18:36:47,0
1868,Melody Farmer,2024-06-23,07:25:30,17:32:37,0
1869,Adam Rodriguez,2024-06-23,06:10:24,00:43:00,0
1870,Scott Brumfield,2024-06-23,08:35:28,17:04:18,0
1871,Margaret Urena,2024-06-23,09:32:34,17:50:35,0
1872,Lewis Garcia,2024-06-23,08:19:17,17:08:44,0
1873,Robert Stinson,2024-06-23,06:55:09,16:28:33,0
1874,Christopher Rowland,2024-06-23,09:53:42,16:43:31,0
1875,Thomas Pritchard,2024-06-23,08:32:21,11:08:15,0
1876,Kirk Stephenson,2024-06-23,07:09:55,16:38:12,0
1877,Ola Meehan,2024-06-23,10:34:51,21:04:09,0
1878,Ty Vanhoutte,2024-06-23,09:03:55,22:20:51,0
1879,Edna Coker,2024-06-23,09:03:43,18:09:17,0
1880,Bob Pope,2024-06-23,06:52:20,17:23:27,0
1881,Mildred Smith,2024-06-23,06:12:46,13:01:01,0
1882,Joseph Danielson,2024-06-23,08:56:55,21:00:49,0
1883,Brian Urban,2024-06-23,10:17:14,23:32:39,0
1884,James Doyle,2024-06-23,08:31:35,17:25:15,0
1885,Christopher Vowell,2024-06-23,10:12:00,18:36:02,0
1886,Kimberly Saylor,2024-06-23,09:12:31,16:10:44,0
1887,Joseph Fritzler,2024-06-23,07:05:08,22:50:35,0
1888,David Rice,2024-06-23,08:42:31,17:24:30,0
1889,Cynthia Leal,2024-06-23,06:26:03,12:45:34,0
1890,Gary Lundy,2024-06-23,05:15:30,13:18:55,0
1891,Bobby Mcconkey,2024-06-23,09:35:42,00:39:44,0
1892,Noble Pfaff,2024-06-23,09:32:28,21:17:53,0
1893,Francis Womac,2024-06-23,09:24:22,17:34:33,0
1894,Michael Emmick,2024-06-23,08:54:37,17:29:28,0
1895,Natasha Mcclure,2024-06-23,00:00:00,00:00:00,1
1896,Kenneth Jameson,2024-06-23,08:10:28,18:02:26,0
1897,Lester Vercher,2024-06-23,10:40:48,16:22:33,0
1898,Alton Pugsley,2024-06-23,00:00:00,00:00:00,1
1899,Alan Langley,2024-06-23,05:23:06,17:42:00,0
1900,James Black,2024-06-23,00:00:00,00:00:00,1
